-- phpMyAdmin SQL Dump
-- version 5.2.1
-- https://www.phpmyadmin.net/
--
-- Hôte : 127.0.0.1
-- Généré le : mer. 14 juin 2023 à 17:57
-- Version du serveur : 10.4.28-MariaDB
-- Version de PHP : 8.2.4

SET SQL_MODE = "NO_AUTO_VALUE_ON_ZERO";
START TRANSACTION;
SET time_zone = "+00:00";


/*!40101 SET @OLD_CHARACTER_SET_CLIENT=@@CHARACTER_SET_CLIENT */;
/*!40101 SET @OLD_CHARACTER_SET_RESULTS=@@CHARACTER_SET_RESULTS */;
/*!40101 SET @OLD_COLLATION_CONNECTION=@@COLLATION_CONNECTION */;
/*!40101 SET NAMES utf8mb4 */;

--
-- Base de données : `sae23db`
--

-- --------------------------------------------------------

--
-- Structure de la table `admin`
--

CREATE TABLE `admin` (
  `login` varchar(30) NOT NULL,
  `mdp` varchar(500) NOT NULL
) ENGINE=InnoDB DEFAULT CHARSET=utf8mb4 COLLATE=utf8mb4_general_ci;

--
-- Déchargement des données de la table `admin`
--

INSERT INTO `admin` (`login`, `mdp`) VALUES
('root', '4813494d137e1631bba301d5acab6e7bb7aa74ce1185d456565ef51d737677b2');

-- --------------------------------------------------------

--
-- Structure de la table `batiment`
--

CREATE TABLE `batiment` (
  `ID-bat` varchar(30) NOT NULL,
  `nom` varchar(10) NOT NULL,
  `login` varchar(100) NOT NULL,
  `mdp` varchar(100) NOT NULL
) ENGINE=InnoDB DEFAULT CHARSET=utf8mb4 COLLATE=utf8mb4_general_ci;

--
-- Déchargement des données de la table `batiment`
--

INSERT INTO `batiment` (`ID-bat`, `nom`, `login`, `mdp`) VALUES
('A', 'Batilent A', 'bata', 'ec696a9e3cba9dddfbb3d0baae2b7e6239eb964633d928f982870e7b38faf8a2'),
('B', 'Batiment B', 'batb', 'da0fcca7a6a3e3cf66aebd3f7757a0a5426cfeb1e4eea604ce26b23c6e630bae'),
('C', 'Batiment c', 'batc', 'batc'),
('E', 'Batiment E', 'loginE', 'loginE');

-- --------------------------------------------------------

--
-- Structure de la table `capteurs`
--

CREATE TABLE `capteurs` (
  `ID-cap` varchar(20) NOT NULL,
  `nom` varchar(20) NOT NULL,
  `ID-bat` varchar(30) NOT NULL
) ENGINE=InnoDB DEFAULT CHARSET=utf8mb4 COLLATE=utf8mb4_general_ci;

--
-- Déchargement des données de la table `capteurs`
--

INSERT INTO `capteurs` (`ID-cap`, `nom`, `ID-bat`) VALUES
('AM107-10', 'Cap-B110', 'B'),
('AM107-2', 'Cap-B101', 'B'),
('AM107-23', 'Cap-C004', 'C'),
('AM107-27', 'Cap-E004', 'E'),
('AM107-31', 'Cap-E101', 'E'),
('AM107-40', 'Cap-E207', 'E');

-- --------------------------------------------------------

--
-- Structure de la table `mesures`
--

CREATE TABLE `mesures` (
  `ID-mes` int(10) NOT NULL,
  `date` date NOT NULL DEFAULT current_timestamp(),
  `heure` time NOT NULL DEFAULT current_timestamp(),
  `ID-cap` varchar(20) NOT NULL,
  `Salle` varchar(10) NOT NULL,
  `type` varchar(20) NOT NULL,
  `valeur` float NOT NULL
) ENGINE=InnoDB DEFAULT CHARSET=utf8mb4 COLLATE=utf8mb4_general_ci;

--
-- Déchargement des données de la table `mesures`
--

INSERT INTO `mesures` (`ID-mes`, `date`, `heure`, `ID-cap`, `Salle`, `type`, `valeur`) VALUES
(73, '2023-06-04', '17:09:07', 'AM107-2', '\"B110\"', 'Temperature', 26.4),
(74, '2023-06-04', '17:09:07', 'AM107-2', '\"B110\"', 'Humidite', 51),
(75, '2023-06-04', '17:09:35', 'AM107-27', '\"E004\"', 'Temperature', 26.5),
(76, '2023-06-04', '17:09:35', 'AM107-27', '\"E004\"', 'Humidite', 51),
(77, '2023-06-04', '17:13:35', 'AM107-40', '\"E206\"', 'Temperature', 27.1),
(78, '2023-06-04', '17:13:35', 'AM107-40', '\"E206\"', 'Humidite', 46),
(79, '2023-06-04', '17:13:35', 'AM107-40', '\"E206\"', 'CO2', 420),
(85, '2023-06-04', '17:19:07', 'AM107-2', '\"B110\"', 'Temperature', 26.4),
(86, '2023-06-04', '17:19:07', 'AM107-2', '\"B110\"', 'Humidite', 50.5),
(87, '2023-06-04', '17:19:07', 'AM107-2', '\"B110\"', 'CO2', 423),
(89, '2023-06-04', '17:19:35', 'AM107-27', '\"E004\"', 'Temperature', 26.5),
(90, '2023-06-04', '17:19:35', 'AM107-27', '\"E004\"', 'Humidite', 51),
(91, '2023-06-04', '17:19:35', 'AM107-27', '\"E004\"', 'CO2', 405),
(93, '2023-06-04', '17:23:35', 'AM107-31', '\"E101\"', 'Temperature', 28.2),
(94, '2023-06-04', '17:23:35', 'AM107-31', '\"E101\"', 'Humidite', 43.5),
(95, '2023-06-04', '17:23:35', 'AM107-31', '\"E101\"', 'CO2', 413),
(97, '2023-06-04', '17:23:36', 'AM107-40', '\"E206\"', 'Temperature', 27),
(98, '2023-06-04', '17:23:36', 'AM107-40', '\"E206\"', 'Humidite', 46),
(99, '2023-06-04', '17:23:36', 'AM107-40', '\"E206\"', 'CO2', 421),
(105, '2023-06-04', '17:29:07', 'AM107-2', '\"B110\"', 'Temperature', 26.5),
(106, '2023-06-04', '17:29:07', 'AM107-2', '\"B110\"', 'Humidite', 50.5),
(107, '2023-06-04', '17:29:07', 'AM107-2', '\"B110\"', 'CO2', 413),
(109, '2023-06-04', '17:29:35', 'AM107-27', '\"E004\"', 'Temperature', 26.4),
(110, '2023-06-04', '17:29:35', 'AM107-27', '\"E004\"', 'Humidite', 51),
(111, '2023-06-04', '17:29:35', 'AM107-27', '\"E004\"', 'CO2', 398),
(117, '2023-06-04', '17:39:07', 'AM107-2', '\"B110\"', 'Temperature', 26.5),
(118, '2023-06-04', '17:39:07', 'AM107-2', '\"B110\"', 'Humidite', 50.5),
(119, '2023-06-04', '17:39:07', 'AM107-2', '\"B110\"', 'CO2', 417),
(121, '2023-06-04', '17:39:35', 'AM107-27', '\"E004\"', 'Temperature', 26.4),
(122, '2023-06-04', '17:39:35', 'AM107-27', '\"E004\"', 'Humidite', 51),
(123, '2023-06-04', '17:39:35', 'AM107-27', '\"E004\"', 'CO2', 404),
(125, '2023-06-04', '17:43:35', 'AM107-40', '\"E206\"', 'Temperature', 27.1),
(126, '2023-06-04', '17:43:35', 'AM107-40', '\"E206\"', 'Humidite', 46),
(127, '2023-06-04', '17:43:35', 'AM107-40', '\"E206\"', 'CO2', 413),
(133, '2023-06-04', '17:49:08', 'AM107-2', '\"B110\"', 'Temperature', 26.5),
(134, '2023-06-04', '17:49:08', 'AM107-2', '\"B110\"', 'Humidite', 50.5),
(135, '2023-06-04', '17:49:08', 'AM107-2', '\"B110\"', 'CO2', 421),
(137, '2023-06-04', '17:49:35', 'AM107-27', '\"E004\"', 'Temperature', 26.4),
(138, '2023-06-04', '17:49:35', 'AM107-27', '\"E004\"', 'Humidite', 51),
(139, '2023-06-04', '17:49:35', 'AM107-27', '\"E004\"', 'CO2', 403),
(141, '2023-06-04', '17:53:35', 'AM107-40', '\"E206\"', 'Temperature', 27.1),
(142, '2023-06-04', '17:53:35', 'AM107-40', '\"E206\"', 'Humidite', 46),
(143, '2023-06-04', '17:53:35', 'AM107-40', '\"E206\"', 'CO2', 421),
(149, '2023-06-04', '17:59:07', 'AM107-2', '\"B110\"', 'Temperature', 26.5),
(150, '2023-06-04', '17:59:07', 'AM107-2', '\"B110\"', 'Humidite', 50.5),
(151, '2023-06-04', '17:59:07', 'AM107-2', '\"B110\"', 'CO2', 425),
(153, '2023-06-04', '17:59:35', 'AM107-27', '\"E004\"', 'Temperature', 26.3),
(154, '2023-06-04', '17:59:35', 'AM107-27', '\"E004\"', 'Humidite', 51),
(155, '2023-06-04', '17:59:35', 'AM107-27', '\"E004\"', 'CO2', 405),
(157, '2023-06-04', '18:03:35', 'AM107-31', '\"E101\"', 'Temperature', 28),
(158, '2023-06-04', '18:03:35', 'AM107-31', '\"E101\"', 'Humidite', 43.5),
(159, '2023-06-04', '18:03:35', 'AM107-31', '\"E101\"', 'CO2', 417),
(165, '2023-06-04', '18:09:07', 'AM107-2', '\"B110\"', 'Temperature', 26.5),
(166, '2023-06-04', '18:09:07', 'AM107-2', '\"B110\"', 'Humidite', 50.5),
(167, '2023-06-04', '18:09:07', 'AM107-2', '\"B110\"', 'CO2', 418),
(169, '2023-06-04', '18:09:35', 'AM107-27', '\"E004\"', 'Temperature', 26.4),
(170, '2023-06-04', '18:09:35', 'AM107-27', '\"E004\"', 'Humidite', 51),
(171, '2023-06-04', '18:09:35', 'AM107-27', '\"E004\"', 'CO2', 399),
(173, '2023-06-04', '18:13:35', 'AM107-40', '\"E206\"', 'Temperature', 27.3),
(174, '2023-06-04', '18:13:35', 'AM107-40', '\"E206\"', 'Humidite', 45.5),
(175, '2023-06-04', '18:13:35', 'AM107-40', '\"E206\"', 'CO2', 414),
(181, '2023-06-04', '18:19:07', 'AM107-2', '\"B110\"', 'Temperature', 26.5),
(182, '2023-06-04', '18:19:07', 'AM107-2', '\"B110\"', 'Humidite', 50.5),
(183, '2023-06-04', '18:19:07', 'AM107-2', '\"B110\"', 'CO2', 419),
(185, '2023-06-04', '18:19:35', 'AM107-27', '\"E004\"', 'Temperature', 26.7),
(186, '2023-06-04', '18:19:35', 'AM107-27', '\"E004\"', 'Humidite', 50.5),
(187, '2023-06-04', '18:19:35', 'AM107-27', '\"E004\"', 'CO2', 396),
(189, '2023-06-04', '18:23:35', 'AM107-40', '\"E206\"', 'Temperature', 27.5),
(190, '2023-06-04', '18:23:35', 'AM107-40', '\"E206\"', 'Humidite', 45),
(191, '2023-06-04', '18:23:35', 'AM107-40', '\"E206\"', 'CO2', 412),
(197, '2023-06-04', '18:29:07', 'AM107-2', '\"B110\"', 'Temperature', 26.6),
(198, '2023-06-04', '18:29:07', 'AM107-2', '\"B110\"', 'Humidite', 50),
(199, '2023-06-04', '18:29:07', 'AM107-2', '\"B110\"', 'CO2', 421),
(201, '2023-06-04', '18:29:35', 'AM107-27', '\"E004\"', 'Temperature', 26.9),
(202, '2023-06-04', '18:29:35', 'AM107-27', '\"E004\"', 'Humidite', 50),
(203, '2023-06-04', '18:29:35', 'AM107-27', '\"E004\"', 'CO2', 395),
(205, '2023-06-04', '18:33:35', 'AM107-31', '\"E101\"', 'Temperature', 28.8),
(206, '2023-06-04', '18:33:35', 'AM107-31', '\"E101\"', 'Humidite', 42),
(207, '2023-06-04', '18:33:35', 'AM107-31', '\"E101\"', 'CO2', 404),
(213, '2023-06-04', '18:39:07', 'AM107-2', '\"B110\"', 'Temperature', 26.7),
(214, '2023-06-04', '18:39:07', 'AM107-2', '\"B110\"', 'Humidite', 50),
(215, '2023-06-04', '18:39:07', 'AM107-2', '\"B110\"', 'CO2', 423),
(217, '2023-06-04', '18:39:35', 'AM107-27', '\"E004\"', 'Temperature', 27.2),
(218, '2023-06-04', '18:39:35', 'AM107-27', '\"E004\"', 'Humidite', 49.5),
(219, '2023-06-04', '18:39:35', 'AM107-27', '\"E004\"', 'CO2', 402),
(221, '2023-06-04', '18:43:35', 'AM107-40', '\"E206\"', 'Temperature', 28.1),
(222, '2023-06-04', '18:43:35', 'AM107-40', '\"E206\"', 'Humidite', 44),
(223, '2023-06-04', '18:43:35', 'AM107-40', '\"E206\"', 'CO2', 420),
(229, '2023-06-04', '18:49:07', 'AM107-2', '\"B110\"', 'Temperature', 26.8),
(230, '2023-06-04', '18:49:07', 'AM107-2', '\"B110\"', 'Humidite', 50),
(231, '2023-06-04', '18:49:07', 'AM107-2', '\"B110\"', 'CO2', 415),
(233, '2023-06-04', '18:49:35', 'AM107-27', '\"E004\"', 'Temperature', 27.4),
(234, '2023-06-04', '18:49:35', 'AM107-27', '\"E004\"', 'Humidite', 49),
(235, '2023-06-04', '18:49:35', 'AM107-27', '\"E004\"', 'CO2', 406),
(237, '2023-06-04', '18:53:35', 'AM107-40', '\"E206\"', 'Temperature', 28.3),
(238, '2023-06-04', '18:53:35', 'AM107-40', '\"E206\"', 'Humidite', 43.5),
(239, '2023-06-04', '18:53:35', 'AM107-40', '\"E206\"', 'CO2', 416),
(245, '2023-06-04', '18:59:08', 'AM107-2', '\"B110\"', 'Temperature', 26.9),
(246, '2023-06-04', '18:59:08', 'AM107-2', '\"B110\"', 'Humidite', 49.5),
(247, '2023-06-04', '18:59:08', 'AM107-2', '\"B110\"', 'CO2', 416),
(249, '2023-06-04', '18:59:35', 'AM107-27', '\"E004\"', 'Temperature', 27.6),
(250, '2023-06-04', '18:59:35', 'AM107-27', '\"E004\"', 'Humidite', 48.5),
(251, '2023-06-04', '18:59:35', 'AM107-27', '\"E004\"', 'CO2', 404),
(253, '2023-06-07', '08:23:34', 'AM107-40', '\"E206\"', 'Temperature', 25.7),
(254, '2023-06-07', '08:23:34', 'AM107-40', '\"E206\"', 'Humidite', 51),
(255, '2023-06-07', '08:23:34', 'AM107-40', '\"E206\"', 'CO2', 490),
(261, '2023-06-07', '08:29:07', 'AM107-2', '\"B110\"', 'Temperature', 24.9),
(262, '2023-06-07', '08:29:07', 'AM107-2', '\"B110\"', 'Humidite', 54),
(263, '2023-06-07', '08:29:07', 'AM107-2', '\"B110\"', 'CO2', 500),
(264, '2023-06-07', '08:29:07', 'AM107-2', '\"B110\"', 'Luminosite', 5),
(265, '2023-06-07', '08:29:34', 'AM107-27', '\"E004\"', 'Temperature', 23.5),
(266, '2023-06-07', '08:29:34', 'AM107-27', '\"E004\"', 'Humidite', 60),
(267, '2023-06-07', '08:29:34', 'AM107-27', '\"E004\"', 'CO2', 495),
(268, '2023-06-07', '08:29:34', 'AM107-27', '\"E004\"', 'Luminosite', 62),
(269, '2023-06-07', '08:33:34', 'AM107-31', '\"E101\"', 'Temperature', 25),
(270, '2023-06-07', '08:33:34', 'AM107-31', '\"E101\"', 'Humidite', 55.5),
(271, '2023-06-07', '08:33:34', 'AM107-31', '\"E101\"', 'CO2', 541),
(272, '2023-06-07', '08:33:34', 'AM107-31', '\"E101\"', 'Luminosite', 13),
(273, '2023-06-07', '08:33:35', 'AM107-40', '\"E206\"', 'Temperature', 25.7),
(274, '2023-06-07', '08:33:35', 'AM107-40', '\"E206\"', 'Humidite', 51.5),
(275, '2023-06-07', '08:33:35', 'AM107-40', '\"E206\"', 'CO2', 497),
(276, '2023-06-07', '08:33:35', 'AM107-40', '\"E206\"', 'Luminosite', 0),
(281, '2023-06-07', '08:39:06', 'AM107-2', '\"B110\"', 'Temperature', 24.9),
(282, '2023-06-07', '08:39:06', 'AM107-2', '\"B110\"', 'Humidite', 54.5),
(283, '2023-06-07', '08:39:06', 'AM107-2', '\"B110\"', 'CO2', 504),
(284, '2023-06-07', '08:39:06', 'AM107-2', '\"B110\"', 'Luminosite', 5),
(285, '2023-06-07', '08:39:34', 'AM107-27', '\"E004\"', 'Temperature', 23.5),
(286, '2023-06-07', '08:39:34', 'AM107-27', '\"E004\"', 'Humidite', 60.5),
(287, '2023-06-07', '08:39:34', 'AM107-27', '\"E004\"', 'CO2', 490),
(288, '2023-06-07', '08:39:34', 'AM107-27', '\"E004\"', 'Luminosite', 61),
(289, '2023-06-07', '08:43:34', 'AM107-40', '\"E206\"', 'Temperature', 25.7),
(290, '2023-06-07', '08:43:34', 'AM107-40', '\"E206\"', 'Humidite', 51.5),
(291, '2023-06-07', '08:43:34', 'AM107-40', '\"E206\"', 'CO2', 504),
(292, '2023-06-07', '08:43:34', 'AM107-40', '\"E206\"', 'Luminosite', 0),
(297, '2023-06-07', '08:49:07', 'AM107-2', '\"B110\"', 'Temperature', 24.9),
(298, '2023-06-07', '08:49:07', 'AM107-2', '\"B110\"', 'Humidite', 54.5),
(299, '2023-06-07', '08:49:07', 'AM107-2', '\"B110\"', 'CO2', 509),
(300, '2023-06-07', '08:49:07', 'AM107-2', '\"B110\"', 'Luminosite', 3),
(301, '2023-06-07', '08:49:34', 'AM107-27', '\"E004\"', 'Temperature', 23.5),
(302, '2023-06-07', '08:49:34', 'AM107-27', '\"E004\"', 'Humidite', 60.5),
(303, '2023-06-07', '08:49:34', 'AM107-27', '\"E004\"', 'CO2', 491),
(304, '2023-06-07', '08:49:34', 'AM107-27', '\"E004\"', 'Luminosite', 66),
(305, '2023-06-07', '08:53:34', 'AM107-40', '\"E206\"', 'Temperature', 25.7),
(306, '2023-06-07', '08:53:34', 'AM107-40', '\"E206\"', 'Humidite', 52),
(307, '2023-06-07', '08:53:34', 'AM107-40', '\"E206\"', 'CO2', 505),
(308, '2023-06-07', '08:53:34', 'AM107-40', '\"E206\"', 'Luminosite', 0),
(309, '2023-06-07', '08:53:34', 'AM107-31', '\"E101\"', 'Temperature', 25),
(310, '2023-06-07', '08:53:34', 'AM107-31', '\"E101\"', 'Humidite', 55),
(311, '2023-06-07', '08:53:34', 'AM107-31', '\"E101\"', 'CO2', 552),
(312, '2023-06-07', '08:53:34', 'AM107-31', '\"E101\"', 'Luminosite', 13),
(317, '2023-06-07', '08:59:07', 'AM107-2', '\"B110\"', 'Temperature', 24.9),
(318, '2023-06-07', '08:59:07', 'AM107-2', '\"B110\"', 'Humidite', 54.5),
(319, '2023-06-07', '08:59:07', 'AM107-2', '\"B110\"', 'CO2', 517),
(320, '2023-06-07', '08:59:07', 'AM107-2', '\"B110\"', 'Luminosite', 5),
(321, '2023-06-07', '08:59:34', 'AM107-27', '\"E004\"', 'Temperature', 23.5),
(322, '2023-06-07', '08:59:34', 'AM107-27', '\"E004\"', 'Humidite', 61),
(323, '2023-06-07', '08:59:34', 'AM107-27', '\"E004\"', 'CO2', 480),
(324, '2023-06-07', '08:59:34', 'AM107-27', '\"E004\"', 'Luminosite', 66),
(325, '2023-06-07', '09:03:34', 'AM107-31', '\"E101\"', 'Temperature', 25),
(326, '2023-06-07', '09:03:34', 'AM107-31', '\"E101\"', 'Humidite', 55),
(327, '2023-06-07', '09:03:34', 'AM107-31', '\"E101\"', 'CO2', 560),
(328, '2023-06-07', '09:03:34', 'AM107-31', '\"E101\"', 'Luminosite', 14),
(329, '2023-06-07', '09:03:35', 'AM107-40', '\"E206\"', 'Temperature', 25.7),
(330, '2023-06-07', '09:03:35', 'AM107-40', '\"E206\"', 'Humidite', 52),
(331, '2023-06-07', '09:03:35', 'AM107-40', '\"E206\"', 'CO2', 512),
(332, '2023-06-07', '09:03:35', 'AM107-40', '\"E206\"', 'Luminosite', 2),
(337, '2023-06-07', '09:09:06', 'AM107-2', '\"B110\"', 'Temperature', 24.9),
(338, '2023-06-07', '09:09:06', 'AM107-2', '\"B110\"', 'Humidite', 55),
(339, '2023-06-07', '09:09:06', 'AM107-2', '\"B110\"', 'CO2', 536),
(340, '2023-06-07', '09:09:06', 'AM107-2', '\"B110\"', 'Luminosite', 5),
(341, '2023-06-07', '09:09:34', 'AM107-27', '\"E004\"', 'Temperature', 23.5),
(342, '2023-06-07', '09:09:34', 'AM107-27', '\"E004\"', 'Humidite', 61),
(343, '2023-06-07', '09:09:34', 'AM107-27', '\"E004\"', 'CO2', 478),
(344, '2023-06-07', '09:09:34', 'AM107-27', '\"E004\"', 'Luminosite', 69),
(345, '2023-06-07', '09:13:34', 'AM107-40', '\"E206\"', 'Temperature', 25.7),
(346, '2023-06-07', '09:13:34', 'AM107-40', '\"E206\"', 'Humidite', 52.5),
(347, '2023-06-07', '09:13:34', 'AM107-40', '\"E206\"', 'CO2', 511),
(348, '2023-06-07', '09:13:34', 'AM107-40', '\"E206\"', 'Luminosite', 2),
(349, '2023-06-07', '09:13:35', 'AM107-31', '\"E101\"', 'Temperature', 25),
(350, '2023-06-07', '09:13:35', 'AM107-31', '\"E101\"', 'Humidite', 55),
(351, '2023-06-07', '09:13:35', 'AM107-31', '\"E101\"', 'CO2', 557),
(352, '2023-06-07', '09:13:35', 'AM107-31', '\"E101\"', 'Luminosite', 16),
(357, '2023-06-07', '09:19:06', 'AM107-2', '\"B110\"', 'Temperature', 24.9),
(358, '2023-06-07', '09:19:06', 'AM107-2', '\"B110\"', 'Humidite', 55),
(359, '2023-06-07', '09:19:06', 'AM107-2', '\"B110\"', 'CO2', 543),
(360, '2023-06-07', '09:19:06', 'AM107-2', '\"B110\"', 'Luminosite', 5),
(361, '2023-06-07', '09:19:34', 'AM107-27', '\"E004\"', 'Temperature', 23.5),
(362, '2023-06-07', '09:19:34', 'AM107-27', '\"E004\"', 'Humidite', 61.5),
(363, '2023-06-07', '09:19:34', 'AM107-27', '\"E004\"', 'CO2', 467),
(364, '2023-06-07', '09:19:34', 'AM107-27', '\"E004\"', 'Luminosite', 76),
(365, '2023-06-07', '09:23:34', 'AM107-40', '\"E206\"', 'Temperature', 25.7),
(366, '2023-06-07', '09:23:34', 'AM107-40', '\"E206\"', 'Humidite', 53),
(367, '2023-06-07', '09:23:34', 'AM107-40', '\"E206\"', 'CO2', 509),
(368, '2023-06-07', '09:23:34', 'AM107-40', '\"E206\"', 'Luminosite', 2),
(369, '2023-06-07', '09:23:35', 'AM107-31', '\"E101\"', 'Temperature', 25),
(370, '2023-06-07', '09:23:35', 'AM107-31', '\"E101\"', 'Humidite', 55),
(371, '2023-06-07', '09:23:35', 'AM107-31', '\"E101\"', 'CO2', 565),
(372, '2023-06-07', '09:23:35', 'AM107-31', '\"E101\"', 'Luminosite', 16),
(377, '2023-06-07', '09:29:07', 'AM107-2', '\"B110\"', 'Temperature', 24.9),
(378, '2023-06-07', '09:29:07', 'AM107-2', '\"B110\"', 'Humidite', 55),
(379, '2023-06-07', '09:29:07', 'AM107-2', '\"B110\"', 'CO2', 541),
(380, '2023-06-07', '09:29:07', 'AM107-2', '\"B110\"', 'Luminosite', 7),
(381, '2023-06-07', '09:29:33', 'AM107-27', '\"E004\"', 'Temperature', 23.6),
(382, '2023-06-07', '09:29:33', 'AM107-27', '\"E004\"', 'Humidite', 62),
(383, '2023-06-07', '09:29:33', 'AM107-27', '\"E004\"', 'CO2', 461),
(384, '2023-06-07', '09:29:33', 'AM107-27', '\"E004\"', 'Luminosite', 79),
(385, '2023-06-07', '09:33:34', 'AM107-40', '\"E206\"', 'Temperature', 25.7),
(386, '2023-06-07', '09:33:34', 'AM107-40', '\"E206\"', 'Humidite', 53),
(387, '2023-06-07', '09:33:34', 'AM107-40', '\"E206\"', 'CO2', 507),
(388, '2023-06-07', '09:33:34', 'AM107-40', '\"E206\"', 'Luminosite', 2),
(393, '2023-06-07', '09:39:07', 'AM107-2', '\"B110\"', 'Temperature', 24.9),
(394, '2023-06-07', '09:39:07', 'AM107-2', '\"B110\"', 'Humidite', 55.5),
(395, '2023-06-07', '09:39:07', 'AM107-2', '\"B110\"', 'CO2', 549),
(396, '2023-06-07', '09:39:07', 'AM107-2', '\"B110\"', 'Luminosite', 6),
(397, '2023-06-07', '09:39:34', 'AM107-27', '\"E004\"', 'Temperature', 23.6),
(398, '2023-06-07', '09:39:34', 'AM107-27', '\"E004\"', 'Humidite', 62),
(399, '2023-06-07', '09:39:34', 'AM107-27', '\"E004\"', 'CO2', 459),
(400, '2023-06-07', '09:39:34', 'AM107-27', '\"E004\"', 'Luminosite', 82),
(401, '2023-06-07', '09:43:34', 'AM107-31', '\"E101\"', 'Temperature', 25.1),
(402, '2023-06-07', '09:43:34', 'AM107-31', '\"E101\"', 'Humidite', 55.5),
(403, '2023-06-07', '09:43:34', 'AM107-31', '\"E101\"', 'CO2', 563),
(404, '2023-06-07', '09:43:34', 'AM107-31', '\"E101\"', 'Luminosite', 16),
(405, '2023-06-07', '09:43:35', 'AM107-40', '\"E206\"', 'Temperature', 25.7),
(406, '2023-06-07', '09:43:35', 'AM107-40', '\"E206\"', 'Humidite', 53.5),
(407, '2023-06-07', '09:43:35', 'AM107-40', '\"E206\"', 'CO2', 507),
(408, '2023-06-07', '09:43:35', 'AM107-40', '\"E206\"', 'Luminosite', 2),
(413, '2023-06-07', '09:49:08', 'AM107-2', '\"B110\"', 'Temperature', 25),
(414, '2023-06-07', '09:49:08', 'AM107-2', '\"B110\"', 'Humidite', 57),
(415, '2023-06-07', '09:49:08', 'AM107-2', '\"B110\"', 'CO2', 574),
(416, '2023-06-07', '09:49:08', 'AM107-2', '\"B110\"', 'Luminosite', 63),
(417, '2023-06-07', '09:49:10', 'AM107-23', '\"C004\"', 'Temperature', 23.6),
(418, '2023-06-07', '09:49:10', 'AM107-23', '\"C004\"', 'Humidite', 62),
(419, '2023-06-07', '09:49:10', 'AM107-23', '\"C004\"', 'CO2', 555),
(420, '2023-06-07', '09:49:10', 'AM107-23', '\"C004\"', 'Luminosite', 86),
(421, '2023-06-07', '09:49:34', 'AM107-27', '\"E004\"', 'Temperature', 23.6),
(422, '2023-06-07', '09:49:34', 'AM107-27', '\"E004\"', 'Humidite', 62.5),
(423, '2023-06-07', '09:49:34', 'AM107-27', '\"E004\"', 'CO2', 457),
(424, '2023-06-07', '09:49:34', 'AM107-27', '\"E004\"', 'Luminosite', 84),
(425, '2023-06-07', '09:52:25', 'AM107-10', '\"B101\"', 'Temperature', 23.3),
(426, '2023-06-07', '09:52:25', 'AM107-10', '\"B101\"', 'Humidite', 66),
(427, '2023-06-07', '09:52:25', 'AM107-10', '\"B101\"', 'CO2', 584),
(428, '2023-06-07', '09:52:25', 'AM107-10', '\"B101\"', 'Luminosite', 29),
(429, '2023-06-07', '09:53:34', 'AM107-40', '\"E206\"', 'Temperature', 25.7),
(430, '2023-06-07', '09:53:34', 'AM107-40', '\"E206\"', 'Humidite', 54),
(431, '2023-06-07', '09:53:34', 'AM107-40', '\"E206\"', 'CO2', 500),
(432, '2023-06-07', '09:53:34', 'AM107-40', '\"E206\"', 'Luminosite', 2),
(437, '2023-06-07', '09:59:08', 'AM107-2', '\"B110\"', 'Temperature', 25),
(438, '2023-06-07', '09:59:08', 'AM107-2', '\"B110\"', 'Humidite', 58.5),
(439, '2023-06-07', '09:59:08', 'AM107-2', '\"B110\"', 'CO2', 585),
(440, '2023-06-07', '09:59:08', 'AM107-2', '\"B110\"', 'Luminosite', 67),
(441, '2023-06-07', '09:59:10', 'AM107-23', '\"C004\"', 'Temperature', 23.7),
(442, '2023-06-07', '09:59:10', 'AM107-23', '\"C004\"', 'Humidite', 63.5),
(443, '2023-06-07', '09:59:10', 'AM107-23', '\"C004\"', 'CO2', 604),
(444, '2023-06-07', '09:59:10', 'AM107-23', '\"C004\"', 'Luminosite', 73),
(445, '2023-06-07', '09:59:34', 'AM107-27', '\"E004\"', 'Temperature', 23.6),
(446, '2023-06-07', '09:59:34', 'AM107-27', '\"E004\"', 'Humidite', 62.5),
(447, '2023-06-07', '09:59:34', 'AM107-27', '\"E004\"', 'CO2', 459),
(448, '2023-06-07', '09:59:34', 'AM107-27', '\"E004\"', 'Luminosite', 84),
(449, '2023-06-07', '10:02:25', 'AM107-10', '\"B101\"', 'Temperature', 23.3),
(450, '2023-06-07', '10:02:25', 'AM107-10', '\"B101\"', 'Humidite', 67),
(451, '2023-06-07', '10:02:25', 'AM107-10', '\"B101\"', 'CO2', 538),
(452, '2023-06-07', '10:02:25', 'AM107-10', '\"B101\"', 'Luminosite', 23),
(453, '2023-06-07', '10:03:34', 'AM107-40', '\"E206\"', 'Temperature', 25.8),
(454, '2023-06-07', '10:03:34', 'AM107-40', '\"E206\"', 'Humidite', 54),
(455, '2023-06-07', '10:03:34', 'AM107-40', '\"E206\"', 'CO2', 498),
(456, '2023-06-07', '10:03:34', 'AM107-40', '\"E206\"', 'Luminosite', 2),
(461, '2023-06-07', '10:09:08', 'AM107-2', '\"B110\"', 'Temperature', 25.1),
(462, '2023-06-07', '10:09:08', 'AM107-2', '\"B110\"', 'Humidite', 59),
(463, '2023-06-07', '10:09:08', 'AM107-2', '\"B110\"', 'CO2', 582),
(464, '2023-06-07', '10:09:08', 'AM107-2', '\"B110\"', 'Luminosite', 64),
(465, '2023-06-07', '10:09:10', 'AM107-23', '\"C004\"', 'Temperature', 23.8),
(466, '2023-06-07', '10:09:10', 'AM107-23', '\"C004\"', 'Humidite', 63.5),
(467, '2023-06-07', '10:09:10', 'AM107-23', '\"C004\"', 'CO2', 579),
(468, '2023-06-07', '10:09:10', 'AM107-23', '\"C004\"', 'Luminosite', 72),
(469, '2023-06-07', '10:09:34', 'AM107-27', '\"E004\"', 'Temperature', 23.7),
(470, '2023-06-07', '10:09:34', 'AM107-27', '\"E004\"', 'Humidite', 63),
(471, '2023-06-07', '10:09:34', 'AM107-27', '\"E004\"', 'CO2', 451),
(472, '2023-06-07', '10:09:34', 'AM107-27', '\"E004\"', 'Luminosite', 77),
(473, '2023-06-14', '12:19:15', 'AM107-2', '\"B110\"', 'Temperature', 25.1),
(474, '2023-06-14', '12:19:15', 'AM107-2', '\"B110\"', 'Humidite', 62),
(475, '2023-06-14', '12:19:15', 'AM107-2', '\"B110\"', 'CO2', 515),
(476, '2023-06-14', '12:19:15', 'AM107-2', '\"B110\"', 'Luminosite', 64),
(477, '2023-06-14', '12:19:19', 'AM107-23', '\"C004\"', 'Temperature', 23.3),
(478, '2023-06-14', '12:19:19', 'AM107-23', '\"C004\"', 'Humidite', 67),
(479, '2023-06-14', '12:19:19', 'AM107-23', '\"C004\"', 'CO2', 416),
(480, '2023-06-14', '12:19:19', 'AM107-23', '\"C004\"', 'Luminosite', 25),
(481, '2023-06-14', '12:19:50', 'AM107-27', '\"E004\"', 'Temperature', 24),
(482, '2023-06-14', '12:19:50', 'AM107-27', '\"E004\"', 'Humidite', 67),
(483, '2023-06-14', '12:19:50', 'AM107-27', '\"E004\"', 'CO2', 450),
(484, '2023-06-14', '12:19:50', 'AM107-27', '\"E004\"', 'Luminosite', 4),
(485, '2023-06-14', '12:22:32', 'AM107-10', '\"B101\"', 'Temperature', 23.2),
(486, '2023-06-14', '12:22:32', 'AM107-10', '\"B101\"', 'Humidite', 73.5),
(487, '2023-06-14', '12:22:32', 'AM107-10', '\"B101\"', 'CO2', 962),
(488, '2023-06-14', '12:22:32', 'AM107-10', '\"B101\"', 'Luminosite', 43),
(489, '2023-06-14', '12:23:45', 'AM107-40', '\"E206\"', 'Temperature', 25),
(490, '2023-06-14', '12:23:45', 'AM107-40', '\"E206\"', 'Humidite', 62.5),
(491, '2023-06-14', '12:23:45', 'AM107-40', '\"E206\"', 'CO2', 432),
(492, '2023-06-14', '12:23:45', 'AM107-40', '\"E206\"', 'Luminosite', 1),
(493, '2023-06-14', '12:23:49', 'AM107-31', '\"E101\"', 'Temperature', 25.2),
(494, '2023-06-14', '12:23:49', 'AM107-31', '\"E101\"', 'Humidite', 62.5),
(495, '2023-06-14', '12:23:49', 'AM107-31', '\"E101\"', 'CO2', 450),
(496, '2023-06-14', '12:23:49', 'AM107-31', '\"E101\"', 'Luminosite', 15),
(497, '2023-06-14', '12:29:15', 'AM107-2', '\"B110\"', 'Temperature', 24.9),
(498, '2023-06-14', '12:29:15', 'AM107-2', '\"B110\"', 'Humidite', 63),
(499, '2023-06-14', '12:29:15', 'AM107-2', '\"B110\"', 'CO2', 466),
(500, '2023-06-14', '12:29:15', 'AM107-2', '\"B110\"', 'Luminosite', 32),
(501, '2023-06-14', '12:29:19', 'AM107-23', '\"C004\"', 'Temperature', 23.3),
(502, '2023-06-14', '12:29:19', 'AM107-23', '\"C004\"', 'Humidite', 67),
(503, '2023-06-14', '12:29:19', 'AM107-23', '\"C004\"', 'CO2', 413),
(504, '2023-06-14', '12:29:19', 'AM107-23', '\"C004\"', 'Luminosite', 32),
(505, '2023-06-14', '12:29:52', 'AM107-27', '\"E004\"', 'Temperature', 24.1),
(506, '2023-06-14', '12:29:52', 'AM107-27', '\"E004\"', 'Humidite', 67),
(507, '2023-06-14', '12:29:52', 'AM107-27', '\"E004\"', 'CO2', 449),
(508, '2023-06-14', '12:29:52', 'AM107-27', '\"E004\"', 'Luminosite', 7),
(509, '2023-06-14', '12:32:32', 'AM107-10', '\"B101\"', 'Temperature', 23.2),
(510, '2023-06-14', '12:32:32', 'AM107-10', '\"B101\"', 'Humidite', 73.5),
(511, '2023-06-14', '12:32:32', 'AM107-10', '\"B101\"', 'CO2', 967),
(512, '2023-06-14', '12:32:32', 'AM107-10', '\"B101\"', 'Luminosite', 31),
(513, '2023-06-14', '12:33:46', 'AM107-40', '\"E206\"', 'Temperature', 25),
(514, '2023-06-14', '12:33:46', 'AM107-40', '\"E206\"', 'Humidite', 62.5),
(515, '2023-06-14', '12:33:46', 'AM107-40', '\"E206\"', 'CO2', 436),
(516, '2023-06-14', '12:33:46', 'AM107-40', '\"E206\"', 'Luminosite', 1),
(517, '2023-06-14', '12:33:50', 'AM107-31', '\"E101\"', 'Temperature', 25.2),
(518, '2023-06-14', '12:33:50', 'AM107-31', '\"E101\"', 'Humidite', 62.5),
(519, '2023-06-14', '12:33:50', 'AM107-31', '\"E101\"', 'CO2', 451),
(520, '2023-06-14', '12:33:50', 'AM107-31', '\"E101\"', 'Luminosite', 17),
(521, '2023-06-14', '12:39:14', 'AM107-2', '\"B110\"', 'Temperature', 24.8),
(522, '2023-06-14', '12:39:14', 'AM107-2', '\"B110\"', 'Humidite', 63),
(523, '2023-06-14', '12:39:14', 'AM107-2', '\"B110\"', 'CO2', 448),
(524, '2023-06-14', '12:39:14', 'AM107-2', '\"B110\"', 'Luminosite', 16),
(525, '2023-06-14', '12:39:19', 'AM107-23', '\"C004\"', 'Temperature', 23.3),
(526, '2023-06-14', '12:39:19', 'AM107-23', '\"C004\"', 'Humidite', 67),
(527, '2023-06-14', '12:39:19', 'AM107-23', '\"C004\"', 'CO2', 419),
(528, '2023-06-14', '12:39:19', 'AM107-23', '\"C004\"', 'Luminosite', 28),
(529, '2023-06-14', '12:39:52', 'AM107-27', '\"E004\"', 'Temperature', 24.1),
(530, '2023-06-14', '12:39:52', 'AM107-27', '\"E004\"', 'Humidite', 67),
(531, '2023-06-14', '12:39:52', 'AM107-27', '\"E004\"', 'CO2', 438),
(532, '2023-06-14', '12:39:52', 'AM107-27', '\"E004\"', 'Luminosite', 5),
(533, '2023-06-14', '12:42:32', 'AM107-10', '\"B101\"', 'Temperature', 23.2),
(534, '2023-06-14', '12:42:32', 'AM107-10', '\"B101\"', 'Humidite', 73.5),
(535, '2023-06-14', '12:42:32', 'AM107-10', '\"B101\"', 'CO2', 954),
(536, '2023-06-14', '12:42:32', 'AM107-10', '\"B101\"', 'Luminosite', 5),
(537, '2023-06-14', '12:43:46', 'AM107-40', '\"E206\"', 'Temperature', 25),
(538, '2023-06-14', '12:43:46', 'AM107-40', '\"E206\"', 'Humidite', 62),
(539, '2023-06-14', '12:43:46', 'AM107-40', '\"E206\"', 'CO2', 429),
(540, '2023-06-14', '12:43:46', 'AM107-40', '\"E206\"', 'Luminosite', 1),
(541, '2023-06-14', '12:43:50', 'AM107-31', '\"E101\"', 'Temperature', 25.1),
(542, '2023-06-14', '12:43:50', 'AM107-31', '\"E101\"', 'Humidite', 61.5),
(543, '2023-06-14', '12:43:50', 'AM107-31', '\"E101\"', 'CO2', 467),
(544, '2023-06-14', '12:43:50', 'AM107-31', '\"E101\"', 'Luminosite', 19),
(545, '2023-06-14', '12:49:14', 'AM107-2', '\"B110\"', 'Temperature', 24.9),
(546, '2023-06-14', '12:49:14', 'AM107-2', '\"B110\"', 'Humidite', 63.5),
(547, '2023-06-14', '12:49:14', 'AM107-2', '\"B110\"', 'CO2', 442),
(548, '2023-06-14', '12:49:14', 'AM107-2', '\"B110\"', 'Luminosite', 13),
(549, '2023-06-14', '12:49:20', 'AM107-23', '\"C004\"', 'Temperature', 23.3),
(550, '2023-06-14', '12:49:20', 'AM107-23', '\"C004\"', 'Humidite', 67),
(551, '2023-06-14', '12:49:20', 'AM107-23', '\"C004\"', 'CO2', 416),
(552, '2023-06-14', '12:49:20', 'AM107-23', '\"C004\"', 'Luminosite', 25),
(553, '2023-06-14', '12:49:49', 'AM107-27', '\"E004\"', 'Temperature', 24.1),
(554, '2023-06-14', '12:49:49', 'AM107-27', '\"E004\"', 'Humidite', 67),
(555, '2023-06-14', '12:49:49', 'AM107-27', '\"E004\"', 'CO2', 435),
(556, '2023-06-14', '12:49:49', 'AM107-27', '\"E004\"', 'Luminosite', 6),
(557, '2023-06-14', '12:52:32', 'AM107-10', '\"B101\"', 'Temperature', 23.1),
(558, '2023-06-14', '12:52:32', 'AM107-10', '\"B101\"', 'Humidite', 73.5),
(559, '2023-06-14', '12:52:32', 'AM107-10', '\"B101\"', 'CO2', 932),
(560, '2023-06-14', '12:52:32', 'AM107-10', '\"B101\"', 'Luminosite', 3),
(561, '2023-06-14', '12:53:45', 'AM107-40', '\"E206\"', 'Temperature', 25.1),
(562, '2023-06-14', '12:53:45', 'AM107-40', '\"E206\"', 'Humidite', 62),
(563, '2023-06-14', '12:53:45', 'AM107-40', '\"E206\"', 'CO2', 431),
(564, '2023-06-14', '12:53:45', 'AM107-40', '\"E206\"', 'Luminosite', 4),
(565, '2023-06-14', '12:53:49', 'AM107-31', '\"E101\"', 'Temperature', 25),
(566, '2023-06-14', '12:53:49', 'AM107-31', '\"E101\"', 'Humidite', 59),
(567, '2023-06-14', '12:53:49', 'AM107-31', '\"E101\"', 'CO2', 484),
(568, '2023-06-14', '12:53:49', 'AM107-31', '\"E101\"', 'Luminosite', 24),
(569, '2023-06-14', '12:59:15', 'AM107-2', '\"B110\"', 'Temperature', 24.9),
(570, '2023-06-14', '12:59:15', 'AM107-2', '\"B110\"', 'Humidite', 63),
(571, '2023-06-14', '12:59:15', 'AM107-2', '\"B110\"', 'CO2', 456),
(572, '2023-06-14', '12:59:15', 'AM107-2', '\"B110\"', 'Luminosite', 19),
(573, '2023-06-14', '12:59:19', 'AM107-23', '\"C004\"', 'Temperature', 23.4),
(574, '2023-06-14', '12:59:19', 'AM107-23', '\"C004\"', 'Humidite', 67),
(575, '2023-06-14', '12:59:19', 'AM107-23', '\"C004\"', 'CO2', 412),
(576, '2023-06-14', '12:59:19', 'AM107-23', '\"C004\"', 'Luminosite', 25),
(577, '2023-06-14', '12:59:50', 'AM107-27', '\"E004\"', 'Temperature', 24.2),
(578, '2023-06-14', '12:59:50', 'AM107-27', '\"E004\"', 'Humidite', 66.5),
(579, '2023-06-14', '12:59:50', 'AM107-27', '\"E004\"', 'CO2', 430),
(580, '2023-06-14', '12:59:50', 'AM107-27', '\"E004\"', 'Luminosite', 6),
(581, '2023-06-14', '13:02:32', 'AM107-10', '\"B101\"', 'Temperature', 23.1),
(582, '2023-06-14', '13:02:32', 'AM107-10', '\"B101\"', 'Humidite', 73.5),
(583, '2023-06-14', '13:02:32', 'AM107-10', '\"B101\"', 'CO2', 923),
(584, '2023-06-14', '13:02:32', 'AM107-10', '\"B101\"', 'Luminosite', 3),
(585, '2023-06-14', '13:03:46', 'AM107-40', '\"E206\"', 'Temperature', 25.1),
(586, '2023-06-14', '13:03:46', 'AM107-40', '\"E206\"', 'Humidite', 62),
(587, '2023-06-14', '13:03:46', 'AM107-40', '\"E206\"', 'CO2', 429),
(588, '2023-06-14', '13:03:46', 'AM107-40', '\"E206\"', 'Luminosite', 2),
(589, '2023-06-14', '13:03:51', 'AM107-31', '\"E101\"', 'Temperature', 24.9),
(590, '2023-06-14', '13:03:51', 'AM107-31', '\"E101\"', 'Humidite', 57.5),
(591, '2023-06-14', '13:03:51', 'AM107-31', '\"E101\"', 'CO2', 496),
(592, '2023-06-14', '13:03:51', 'AM107-31', '\"E101\"', 'Luminosite', 17),
(593, '2023-06-14', '13:09:15', 'AM107-2', '\"B110\"', 'Temperature', 24.9),
(594, '2023-06-14', '13:09:15', 'AM107-2', '\"B110\"', 'Humidite', 63),
(595, '2023-06-14', '13:09:15', 'AM107-2', '\"B110\"', 'CO2', 452),
(596, '2023-06-14', '13:09:15', 'AM107-2', '\"B110\"', 'Luminosite', 27),
(597, '2023-06-14', '13:09:19', 'AM107-23', '\"C004\"', 'Temperature', 23.3),
(598, '2023-06-14', '13:09:19', 'AM107-23', '\"C004\"', 'Humidite', 67),
(599, '2023-06-14', '13:09:19', 'AM107-23', '\"C004\"', 'CO2', 415),
(600, '2023-06-14', '13:09:19', 'AM107-23', '\"C004\"', 'Luminosite', 25),
(601, '2023-06-14', '13:09:49', 'AM107-27', '\"E004\"', 'Temperature', 24.2),
(602, '2023-06-14', '13:09:49', 'AM107-27', '\"E004\"', 'Humidite', 66.5),
(603, '2023-06-14', '13:09:49', 'AM107-27', '\"E004\"', 'CO2', 431),
(604, '2023-06-14', '13:09:49', 'AM107-27', '\"E004\"', 'Luminosite', 5),
(605, '2023-06-14', '13:12:32', 'AM107-10', '\"B101\"', 'Temperature', 23),
(606, '2023-06-14', '13:12:32', 'AM107-10', '\"B101\"', 'Humidite', 73.5),
(607, '2023-06-14', '13:12:32', 'AM107-10', '\"B101\"', 'CO2', 895),
(608, '2023-06-14', '13:12:32', 'AM107-10', '\"B101\"', 'Luminosite', 3),
(609, '2023-06-14', '13:13:46', 'AM107-40', '\"E206\"', 'Temperature', 25.1),
(610, '2023-06-14', '13:13:46', 'AM107-40', '\"E206\"', 'Humidite', 62),
(611, '2023-06-14', '13:13:46', 'AM107-40', '\"E206\"', 'CO2', 432),
(612, '2023-06-14', '13:13:46', 'AM107-40', '\"E206\"', 'Luminosite', 1),
(613, '2023-06-14', '13:13:50', 'AM107-31', '\"E101\"', 'Temperature', 24.8),
(614, '2023-06-14', '13:13:50', 'AM107-31', '\"E101\"', 'Humidite', 57.5),
(615, '2023-06-14', '13:13:50', 'AM107-31', '\"E101\"', 'CO2', 545),
(616, '2023-06-14', '13:13:50', 'AM107-31', '\"E101\"', 'Luminosite', 19),
(617, '2023-06-14', '13:19:14', 'AM107-2', '\"B110\"', 'Temperature', 24.9),
(618, '2023-06-14', '13:19:14', 'AM107-2', '\"B110\"', 'Humidite', 63),
(619, '2023-06-14', '13:19:14', 'AM107-2', '\"B110\"', 'CO2', 438),
(620, '2023-06-14', '13:19:14', 'AM107-2', '\"B110\"', 'Luminosite', 26),
(621, '2023-06-14', '13:19:20', 'AM107-23', '\"C004\"', 'Temperature', 23.4),
(622, '2023-06-14', '13:19:20', 'AM107-23', '\"C004\"', 'Humidite', 67),
(623, '2023-06-14', '13:19:20', 'AM107-23', '\"C004\"', 'CO2', 416),
(624, '2023-06-14', '13:19:20', 'AM107-23', '\"C004\"', 'Luminosite', 23),
(625, '2023-06-14', '13:19:49', 'AM107-27', '\"E004\"', 'Temperature', 24.3),
(626, '2023-06-14', '13:19:49', 'AM107-27', '\"E004\"', 'Humidite', 66.5),
(627, '2023-06-14', '13:19:49', 'AM107-27', '\"E004\"', 'CO2', 427),
(628, '2023-06-14', '13:19:49', 'AM107-27', '\"E004\"', 'Luminosite', 9),
(629, '2023-06-14', '13:22:32', 'AM107-10', '\"B101\"', 'Temperature', 23),
(630, '2023-06-14', '13:22:32', 'AM107-10', '\"B101\"', 'Humidite', 73.5),
(631, '2023-06-14', '13:22:32', 'AM107-10', '\"B101\"', 'CO2', 867),
(632, '2023-06-14', '13:22:32', 'AM107-10', '\"B101\"', 'Luminosite', 3),
(633, '2023-06-14', '13:23:45', 'AM107-40', '\"E206\"', 'Temperature', 25.1),
(634, '2023-06-14', '13:23:45', 'AM107-40', '\"E206\"', 'Humidite', 62),
(635, '2023-06-14', '13:23:45', 'AM107-40', '\"E206\"', 'CO2', 426),
(636, '2023-06-14', '13:23:45', 'AM107-40', '\"E206\"', 'Luminosite', 1),
(637, '2023-06-14', '13:23:50', 'AM107-31', '\"E101\"', 'Temperature', 24.7),
(638, '2023-06-14', '13:23:50', 'AM107-31', '\"E101\"', 'Humidite', 56.5),
(639, '2023-06-14', '13:23:50', 'AM107-31', '\"E101\"', 'CO2', 561),
(640, '2023-06-14', '13:23:50', 'AM107-31', '\"E101\"', 'Luminosite', 13),
(641, '2023-06-14', '13:29:14', 'AM107-2', '\"B110\"', 'Temperature', 24.9),
(642, '2023-06-14', '13:29:14', 'AM107-2', '\"B110\"', 'Humidite', 63),
(643, '2023-06-14', '13:29:14', 'AM107-2', '\"B110\"', 'CO2', 432),
(644, '2023-06-14', '13:29:14', 'AM107-2', '\"B110\"', 'Luminosite', 30),
(645, '2023-06-14', '13:29:20', 'AM107-23', '\"C004\"', 'Temperature', 23.4),
(646, '2023-06-14', '13:29:20', 'AM107-23', '\"C004\"', 'Humidite', 66.5),
(647, '2023-06-14', '13:29:20', 'AM107-23', '\"C004\"', 'CO2', 413),
(648, '2023-06-14', '13:29:20', 'AM107-23', '\"C004\"', 'Luminosite', 28),
(649, '2023-06-14', '13:29:50', 'AM107-27', '\"E004\"', 'Temperature', 24.3),
(650, '2023-06-14', '13:29:50', 'AM107-27', '\"E004\"', 'Humidite', 66.5),
(651, '2023-06-14', '13:29:50', 'AM107-27', '\"E004\"', 'CO2', 428),
(652, '2023-06-14', '13:29:50', 'AM107-27', '\"E004\"', 'Luminosite', 9),
(653, '2023-06-14', '13:32:33', 'AM107-10', '\"B101\"', 'Temperature', 23),
(654, '2023-06-14', '13:32:33', 'AM107-10', '\"B101\"', 'Humidite', 73.5),
(655, '2023-06-14', '13:32:33', 'AM107-10', '\"B101\"', 'CO2', 851),
(656, '2023-06-14', '13:32:33', 'AM107-10', '\"B101\"', 'Luminosite', 4),
(657, '2023-06-14', '13:33:45', 'AM107-40', '\"E206\"', 'Temperature', 25.1),
(658, '2023-06-14', '13:33:45', 'AM107-40', '\"E206\"', 'Humidite', 62),
(659, '2023-06-14', '13:33:45', 'AM107-40', '\"E206\"', 'CO2', 424),
(660, '2023-06-14', '13:33:45', 'AM107-40', '\"E206\"', 'Luminosite', 1),
(661, '2023-06-14', '13:33:51', 'AM107-31', '\"E101\"', 'Temperature', 24.8),
(662, '2023-06-14', '13:33:51', 'AM107-31', '\"E101\"', 'Humidite', 59),
(663, '2023-06-14', '13:33:51', 'AM107-31', '\"E101\"', 'CO2', 572),
(664, '2023-06-14', '13:33:51', 'AM107-31', '\"E101\"', 'Luminosite', 9),
(665, '2023-06-14', '13:39:15', 'AM107-2', '\"B110\"', 'Temperature', 25),
(666, '2023-06-14', '13:39:15', 'AM107-2', '\"B110\"', 'Humidite', 61.5),
(667, '2023-06-14', '13:39:15', 'AM107-2', '\"B110\"', 'CO2', 438),
(668, '2023-06-14', '13:39:15', 'AM107-2', '\"B110\"', 'Luminosite', 29),
(669, '2023-06-14', '13:39:19', 'AM107-23', '\"C004\"', 'Temperature', 23.4),
(670, '2023-06-14', '13:39:19', 'AM107-23', '\"C004\"', 'Humidite', 66.5),
(671, '2023-06-14', '13:39:19', 'AM107-23', '\"C004\"', 'CO2', 412),
(672, '2023-06-14', '13:39:19', 'AM107-23', '\"C004\"', 'Luminosite', 28),
(673, '2023-06-14', '13:39:50', 'AM107-27', '\"E004\"', 'Temperature', 24.4),
(674, '2023-06-14', '13:39:50', 'AM107-27', '\"E004\"', 'Humidite', 66),
(675, '2023-06-14', '13:39:50', 'AM107-27', '\"E004\"', 'CO2', 420),
(676, '2023-06-14', '13:39:50', 'AM107-27', '\"E004\"', 'Luminosite', 7),
(677, '2023-06-14', '13:42:32', 'AM107-10', '\"B101\"', 'Temperature', 23),
(678, '2023-06-14', '13:42:32', 'AM107-10', '\"B101\"', 'Humidite', 73.5),
(679, '2023-06-14', '13:42:32', 'AM107-10', '\"B101\"', 'CO2', 835),
(680, '2023-06-14', '13:42:32', 'AM107-10', '\"B101\"', 'Luminosite', 5),
(681, '2023-06-14', '13:43:46', 'AM107-40', '\"E206\"', 'Temperature', 25.2),
(682, '2023-06-14', '13:43:46', 'AM107-40', '\"E206\"', 'Humidite', 61.5),
(683, '2023-06-14', '13:43:46', 'AM107-40', '\"E206\"', 'CO2', 423),
(684, '2023-06-14', '13:43:46', 'AM107-40', '\"E206\"', 'Luminosite', 2),
(685, '2023-06-14', '13:43:53', 'AM107-31', '\"E101\"', 'Temperature', 24.9),
(686, '2023-06-14', '13:43:53', 'AM107-31', '\"E101\"', 'Humidite', 62),
(687, '2023-06-14', '13:43:53', 'AM107-31', '\"E101\"', 'CO2', 555),
(688, '2023-06-14', '13:43:53', 'AM107-31', '\"E101\"', 'Luminosite', 12),
(689, '2023-06-14', '13:49:15', 'AM107-2', '\"B110\"', 'Temperature', 25.1),
(690, '2023-06-14', '13:49:15', 'AM107-2', '\"B110\"', 'Humidite', 61),
(691, '2023-06-14', '13:49:15', 'AM107-2', '\"B110\"', 'CO2', 457),
(692, '2023-06-14', '13:49:15', 'AM107-2', '\"B110\"', 'Luminosite', 25),
(693, '2023-06-14', '13:49:19', 'AM107-23', '\"C004\"', 'Temperature', 23.4),
(694, '2023-06-14', '13:49:19', 'AM107-23', '\"C004\"', 'Humidite', 67),
(695, '2023-06-14', '13:49:19', 'AM107-23', '\"C004\"', 'CO2', 412),
(696, '2023-06-14', '13:49:19', 'AM107-23', '\"C004\"', 'Luminosite', 25),
(697, '2023-06-14', '13:49:49', 'AM107-27', '\"E004\"', 'Temperature', 24.4),
(698, '2023-06-14', '13:49:49', 'AM107-27', '\"E004\"', 'Humidite', 65.5),
(699, '2023-06-14', '13:49:49', 'AM107-27', '\"E004\"', 'CO2', 419),
(700, '2023-06-14', '13:49:49', 'AM107-27', '\"E004\"', 'Luminosite', 9),
(701, '2023-06-14', '13:52:32', 'AM107-10', '\"B101\"', 'Temperature', 23),
(702, '2023-06-14', '13:52:32', 'AM107-10', '\"B101\"', 'Humidite', 73.5),
(703, '2023-06-14', '13:52:32', 'AM107-10', '\"B101\"', 'CO2', 826),
(704, '2023-06-14', '13:52:32', 'AM107-10', '\"B101\"', 'Luminosite', 5),
(705, '2023-06-14', '13:53:46', 'AM107-40', '\"E206\"', 'Temperature', 25.2),
(706, '2023-06-14', '13:53:46', 'AM107-40', '\"E206\"', 'Humidite', 61.5),
(707, '2023-06-14', '13:53:46', 'AM107-40', '\"E206\"', 'CO2', 420),
(708, '2023-06-14', '13:53:46', 'AM107-40', '\"E206\"', 'Luminosite', 4),
(709, '2023-06-14', '13:59:14', 'AM107-2', '\"B110\"', 'Temperature', 25.2),
(710, '2023-06-14', '13:59:14', 'AM107-2', '\"B110\"', 'Humidite', 61.5),
(711, '2023-06-14', '13:59:14', 'AM107-2', '\"B110\"', 'CO2', 451),
(712, '2023-06-14', '13:59:14', 'AM107-2', '\"B110\"', 'Luminosite', 26),
(713, '2023-06-14', '13:59:20', 'AM107-23', '\"C004\"', 'Temperature', 23.4),
(714, '2023-06-14', '13:59:20', 'AM107-23', '\"C004\"', 'Humidite', 67),
(715, '2023-06-14', '13:59:20', 'AM107-23', '\"C004\"', 'CO2', 410),
(716, '2023-06-14', '13:59:20', 'AM107-23', '\"C004\"', 'Luminosite', 23),
(717, '2023-06-14', '14:02:32', 'AM107-10', '\"B101\"', 'Temperature', 22.9),
(718, '2023-06-14', '14:02:32', 'AM107-10', '\"B101\"', 'Humidite', 73.5),
(719, '2023-06-14', '14:02:32', 'AM107-10', '\"B101\"', 'CO2', 813),
(720, '2023-06-14', '14:02:32', 'AM107-10', '\"B101\"', 'Luminosite', 2),
(721, '2023-06-14', '14:03:45', 'AM107-40', '\"E206\"', 'Temperature', 25.2),
(722, '2023-06-14', '14:03:45', 'AM107-40', '\"E206\"', 'Humidite', 61.5),
(723, '2023-06-14', '14:03:45', 'AM107-40', '\"E206\"', 'CO2', 425),
(724, '2023-06-14', '14:03:45', 'AM107-40', '\"E206\"', 'Luminosite', 2),
(725, '2023-06-14', '14:03:50', 'AM107-31', '\"E101\"', 'Temperature', 24.9),
(726, '2023-06-14', '14:03:50', 'AM107-31', '\"E101\"', 'Humidite', 61),
(727, '2023-06-14', '14:03:50', 'AM107-31', '\"E101\"', 'CO2', 588),
(728, '2023-06-14', '14:03:50', 'AM107-31', '\"E101\"', 'Luminosite', 6),
(729, '2023-06-14', '14:09:15', 'AM107-2', '\"B110\"', 'Temperature', 25.2),
(730, '2023-06-14', '14:09:15', 'AM107-2', '\"B110\"', 'Humidite', 61.5),
(731, '2023-06-14', '14:09:15', 'AM107-2', '\"B110\"', 'CO2', 435),
(732, '2023-06-14', '14:09:15', 'AM107-2', '\"B110\"', 'Luminosite', 23),
(733, '2023-06-14', '14:09:19', 'AM107-23', '\"C004\"', 'Temperature', 23.4),
(734, '2023-06-14', '14:09:19', 'AM107-23', '\"C004\"', 'Humidite', 67),
(735, '2023-06-14', '14:09:19', 'AM107-23', '\"C004\"', 'CO2', 412),
(736, '2023-06-14', '14:09:19', 'AM107-23', '\"C004\"', 'Luminosite', 25),
(737, '2023-06-14', '14:09:50', 'AM107-27', '\"E004\"', 'Temperature', 24.5),
(738, '2023-06-14', '14:09:50', 'AM107-27', '\"E004\"', 'Humidite', 65.5),
(739, '2023-06-14', '14:09:50', 'AM107-27', '\"E004\"', 'CO2', 419),
(740, '2023-06-14', '14:09:50', 'AM107-27', '\"E004\"', 'Luminosite', 9),
(741, '2023-06-14', '14:12:33', 'AM107-10', '\"B101\"', 'Temperature', 23),
(742, '2023-06-14', '14:12:33', 'AM107-10', '\"B101\"', 'Humidite', 73.5),
(743, '2023-06-14', '14:12:33', 'AM107-10', '\"B101\"', 'CO2', 806),
(744, '2023-06-14', '14:12:33', 'AM107-10', '\"B101\"', 'Luminosite', 4),
(745, '2023-06-14', '14:13:45', 'AM107-40', '\"E206\"', 'Temperature', 25.3),
(746, '2023-06-14', '14:13:45', 'AM107-40', '\"E206\"', 'Humidite', 61),
(747, '2023-06-14', '14:13:45', 'AM107-40', '\"E206\"', 'CO2', 429),
(748, '2023-06-14', '14:13:45', 'AM107-40', '\"E206\"', 'Luminosite', 2),
(749, '2023-06-14', '14:13:49', 'AM107-31', '\"E101\"', 'Temperature', 24.8),
(750, '2023-06-14', '14:13:49', 'AM107-31', '\"E101\"', 'Humidite', 58.5),
(751, '2023-06-14', '14:13:49', 'AM107-31', '\"E101\"', 'CO2', 621),
(752, '2023-06-14', '14:13:49', 'AM107-31', '\"E101\"', 'Luminosite', 4),
(753, '2023-06-14', '14:19:15', 'AM107-2', '\"B110\"', 'Temperature', 25.2),
(754, '2023-06-14', '14:19:15', 'AM107-2', '\"B110\"', 'Humidite', 60),
(755, '2023-06-14', '14:19:15', 'AM107-2', '\"B110\"', 'CO2', 428),
(756, '2023-06-14', '14:19:15', 'AM107-2', '\"B110\"', 'Luminosite', 30),
(757, '2023-06-14', '14:19:19', 'AM107-23', '\"C004\"', 'Temperature', 23.4),
(758, '2023-06-14', '14:19:19', 'AM107-23', '\"C004\"', 'Humidite', 67),
(759, '2023-06-14', '14:19:19', 'AM107-23', '\"C004\"', 'CO2', 424),
(760, '2023-06-14', '14:19:19', 'AM107-23', '\"C004\"', 'Luminosite', 25),
(761, '2023-06-14', '14:19:50', 'AM107-27', '\"E004\"', 'Temperature', 24.5),
(762, '2023-06-14', '14:19:50', 'AM107-27', '\"E004\"', 'Humidite', 65),
(763, '2023-06-14', '14:19:50', 'AM107-27', '\"E004\"', 'CO2', 421),
(764, '2023-06-14', '14:19:50', 'AM107-27', '\"E004\"', 'Luminosite', 5),
(765, '2023-06-14', '14:22:32', 'AM107-10', '\"B101\"', 'Temperature', 22.9),
(766, '2023-06-14', '14:22:32', 'AM107-10', '\"B101\"', 'Humidite', 73),
(767, '2023-06-14', '14:22:32', 'AM107-10', '\"B101\"', 'CO2', 795),
(768, '2023-06-14', '14:22:32', 'AM107-10', '\"B101\"', 'Luminosite', 18),
(769, '2023-06-14', '14:23:46', 'AM107-40', '\"E206\"', 'Temperature', 25.3),
(770, '2023-06-14', '14:23:46', 'AM107-40', '\"E206\"', 'Humidite', 61),
(771, '2023-06-14', '14:23:46', 'AM107-40', '\"E206\"', 'CO2', 423),
(772, '2023-06-14', '14:23:46', 'AM107-40', '\"E206\"', 'Luminosite', 4),
(773, '2023-06-14', '14:23:50', 'AM107-31', '\"E101\"', 'Temperature', 24.7),
(774, '2023-06-14', '14:23:50', 'AM107-31', '\"E101\"', 'Humidite', 56),
(775, '2023-06-14', '14:23:50', 'AM107-31', '\"E101\"', 'CO2', 619),
(776, '2023-06-14', '14:23:50', 'AM107-31', '\"E101\"', 'Luminosite', 5),
(777, '2023-06-14', '14:29:14', 'AM107-2', '\"B110\"', 'Temperature', 25.3),
(778, '2023-06-14', '14:29:14', 'AM107-2', '\"B110\"', 'Humidite', 59),
(779, '2023-06-14', '14:29:14', 'AM107-2', '\"B110\"', 'CO2', 417),
(780, '2023-06-14', '14:29:14', 'AM107-2', '\"B110\"', 'Luminosite', 41),
(781, '2023-06-14', '14:29:19', 'AM107-23', '\"C004\"', 'Temperature', 23.4),
(782, '2023-06-14', '14:29:19', 'AM107-23', '\"C004\"', 'Humidite', 67),
(783, '2023-06-14', '14:29:19', 'AM107-23', '\"C004\"', 'CO2', 446),
(784, '2023-06-14', '14:29:19', 'AM107-23', '\"C004\"', 'Luminosite', 26),
(785, '2023-06-14', '14:29:49', 'AM107-27', '\"E004\"', 'Temperature', 24.6),
(786, '2023-06-14', '14:29:49', 'AM107-27', '\"E004\"', 'Humidite', 64.5),
(787, '2023-06-14', '14:29:49', 'AM107-27', '\"E004\"', 'CO2', 415),
(788, '2023-06-14', '14:29:49', 'AM107-27', '\"E004\"', 'Luminosite', 7),
(789, '2023-06-14', '14:32:32', 'AM107-10', '\"B101\"', 'Temperature', 23),
(790, '2023-06-14', '14:32:32', 'AM107-10', '\"B101\"', 'Humidite', 73),
(791, '2023-06-14', '14:32:32', 'AM107-10', '\"B101\"', 'CO2', 806),
(792, '2023-06-14', '14:32:32', 'AM107-10', '\"B101\"', 'Luminosite', 47),
(793, '2023-06-14', '14:33:46', 'AM107-40', '\"E206\"', 'Temperature', 25.3),
(794, '2023-06-14', '14:33:46', 'AM107-40', '\"E206\"', 'Humidite', 60.5),
(795, '2023-06-14', '14:33:46', 'AM107-40', '\"E206\"', 'CO2', 418),
(796, '2023-06-14', '14:33:46', 'AM107-40', '\"E206\"', 'Luminosite', 1),
(797, '2023-06-14', '14:33:50', 'AM107-31', '\"E101\"', 'Temperature', 24.6),
(798, '2023-06-14', '14:33:50', 'AM107-31', '\"E101\"', 'Humidite', 55),
(799, '2023-06-14', '14:33:50', 'AM107-31', '\"E101\"', 'CO2', 632),
(800, '2023-06-14', '14:33:50', 'AM107-31', '\"E101\"', 'Luminosite', 13),
(801, '2023-06-14', '14:39:14', 'AM107-2', '\"B110\"', 'Temperature', 25.5),
(802, '2023-06-14', '14:39:14', 'AM107-2', '\"B110\"', 'Humidite', 58.5),
(803, '2023-06-14', '14:39:14', 'AM107-2', '\"B110\"', 'CO2', 428),
(804, '2023-06-14', '14:39:14', 'AM107-2', '\"B110\"', 'Luminosite', 42),
(805, '2023-06-14', '14:39:20', 'AM107-23', '\"C004\"', 'Temperature', 23.5),
(806, '2023-06-14', '14:39:20', 'AM107-23', '\"C004\"', 'Humidite', 67),
(807, '2023-06-14', '14:39:20', 'AM107-23', '\"C004\"', 'CO2', 467),
(808, '2023-06-14', '14:39:20', 'AM107-23', '\"C004\"', 'Luminosite', 27),
(809, '2023-06-14', '14:39:50', 'AM107-27', '\"E004\"', 'Temperature', 24.7),
(810, '2023-06-14', '14:39:50', 'AM107-27', '\"E004\"', 'Humidite', 64.5),
(811, '2023-06-14', '14:39:50', 'AM107-27', '\"E004\"', 'CO2', 413),
(812, '2023-06-14', '14:39:50', 'AM107-27', '\"E004\"', 'Luminosite', 11),
(813, '2023-06-14', '14:42:32', 'AM107-10', '\"B101\"', 'Temperature', 23.1),
(814, '2023-06-14', '14:42:32', 'AM107-10', '\"B101\"', 'Humidite', 73),
(815, '2023-06-14', '14:42:32', 'AM107-10', '\"B101\"', 'CO2', 859),
(816, '2023-06-14', '14:42:32', 'AM107-10', '\"B101\"', 'Luminosite', 47),
(817, '2023-06-14', '14:43:45', 'AM107-40', '\"E206\"', 'Temperature', 25.3),
(818, '2023-06-14', '14:43:45', 'AM107-40', '\"E206\"', 'Humidite', 60.5),
(819, '2023-06-14', '14:43:45', 'AM107-40', '\"E206\"', 'CO2', 427),
(820, '2023-06-14', '14:43:45', 'AM107-40', '\"E206\"', 'Luminosite', 4),
(821, '2023-06-14', '14:43:51', 'AM107-31', '\"E101\"', 'Temperature', 24.6),
(822, '2023-06-14', '14:43:51', 'AM107-31', '\"E101\"', 'Humidite', 54),
(823, '2023-06-14', '14:43:51', 'AM107-31', '\"E101\"', 'CO2', 679),
(824, '2023-06-14', '14:43:51', 'AM107-31', '\"E101\"', 'Luminosite', 9),
(825, '2023-06-14', '14:49:15', 'AM107-2', '\"B110\"', 'Temperature', 25.6),
(826, '2023-06-14', '14:49:15', 'AM107-2', '\"B110\"', 'Humidite', 58),
(827, '2023-06-14', '14:49:15', 'AM107-2', '\"B110\"', 'CO2', 426),
(828, '2023-06-14', '14:49:15', 'AM107-2', '\"B110\"', 'Luminosite', 41),
(829, '2023-06-14', '14:49:19', 'AM107-23', '\"C004\"', 'Temperature', 23.5),
(830, '2023-06-14', '14:49:19', 'AM107-23', '\"C004\"', 'Humidite', 67),
(831, '2023-06-14', '14:49:19', 'AM107-23', '\"C004\"', 'CO2', 474),
(832, '2023-06-14', '14:49:19', 'AM107-23', '\"C004\"', 'Luminosite', 25),
(833, '2023-06-14', '14:49:50', 'AM107-27', '\"E004\"', 'Temperature', 24.8),
(834, '2023-06-14', '14:49:50', 'AM107-27', '\"E004\"', 'Humidite', 64),
(835, '2023-06-14', '14:49:50', 'AM107-27', '\"E004\"', 'CO2', 411),
(836, '2023-06-14', '14:49:50', 'AM107-27', '\"E004\"', 'Luminosite', 7),
(837, '2023-06-14', '14:52:33', 'AM107-10', '\"B101\"', 'Temperature', 23.2),
(838, '2023-06-14', '14:52:33', 'AM107-10', '\"B101\"', 'Humidite', 73.5),
(839, '2023-06-14', '14:52:33', 'AM107-10', '\"B101\"', 'CO2', 907),
(840, '2023-06-14', '14:52:33', 'AM107-10', '\"B101\"', 'Luminosite', 45),
(841, '2023-06-14', '14:53:46', 'AM107-40', '\"E206\"', 'Temperature', 25.4),
(842, '2023-06-14', '14:53:46', 'AM107-40', '\"E206\"', 'Humidite', 60),
(843, '2023-06-14', '14:53:46', 'AM107-40', '\"E206\"', 'CO2', 424),
(844, '2023-06-14', '14:53:46', 'AM107-40', '\"E206\"', 'Luminosite', 4),
(845, '2023-06-14', '14:53:51', 'AM107-31', '\"E101\"', 'Temperature', 24.7),
(846, '2023-06-14', '14:53:51', 'AM107-31', '\"E101\"', 'Humidite', 53),
(847, '2023-06-14', '14:53:51', 'AM107-31', '\"E101\"', 'CO2', 703),
(848, '2023-06-14', '14:53:51', 'AM107-31', '\"E101\"', 'Luminosite', 11),
(849, '2023-06-14', '14:59:15', 'AM107-2', '\"B110\"', 'Temperature', 25.7),
(850, '2023-06-14', '14:59:15', 'AM107-2', '\"B110\"', 'Humidite', 57),
(851, '2023-06-14', '14:59:15', 'AM107-2', '\"B110\"', 'CO2', 427),
(852, '2023-06-14', '14:59:15', 'AM107-2', '\"B110\"', 'Luminosite', 37),
(853, '2023-06-14', '14:59:19', 'AM107-23', '\"C004\"', 'Temperature', 23.5),
(854, '2023-06-14', '14:59:19', 'AM107-23', '\"C004\"', 'Humidite', 67),
(855, '2023-06-14', '14:59:19', 'AM107-23', '\"C004\"', 'CO2', 476),
(856, '2023-06-14', '14:59:19', 'AM107-23', '\"C004\"', 'Luminosite', 23),
(857, '2023-06-14', '14:59:49', 'AM107-27', '\"E004\"', 'Temperature', 24.8),
(858, '2023-06-14', '14:59:49', 'AM107-27', '\"E004\"', 'Humidite', 63.5),
(859, '2023-06-14', '14:59:49', 'AM107-27', '\"E004\"', 'CO2', 417),
(860, '2023-06-14', '14:59:49', 'AM107-27', '\"E004\"', 'Luminosite', 7),
(861, '2023-06-14', '15:02:32', 'AM107-10', '\"B101\"', 'Temperature', 23.3),
(862, '2023-06-14', '15:02:32', 'AM107-10', '\"B101\"', 'Humidite', 73),
(863, '2023-06-14', '15:02:32', 'AM107-10', '\"B101\"', 'CO2', 917),
(864, '2023-06-14', '15:02:32', 'AM107-10', '\"B101\"', 'Luminosite', 45),
(865, '2023-06-14', '15:03:46', 'AM107-40', '\"E206\"', 'Temperature', 25.4),
(866, '2023-06-14', '15:03:46', 'AM107-40', '\"E206\"', 'Humidite', 59.5),
(867, '2023-06-14', '15:03:46', 'AM107-40', '\"E206\"', 'CO2', 424),
(868, '2023-06-14', '15:03:46', 'AM107-40', '\"E206\"', 'Luminosite', 2),
(869, '2023-06-14', '15:03:50', 'AM107-31', '\"E101\"', 'Temperature', 24.7),
(870, '2023-06-14', '15:03:50', 'AM107-31', '\"E101\"', 'Humidite', 53),
(871, '2023-06-14', '15:03:50', 'AM107-31', '\"E101\"', 'CO2', 731),
(872, '2023-06-14', '15:03:50', 'AM107-31', '\"E101\"', 'Luminosite', 18),
(873, '2023-06-14', '15:09:14', 'AM107-2', '\"B110\"', 'Temperature', 25.8),
(874, '2023-06-14', '15:09:14', 'AM107-2', '\"B110\"', 'Humidite', 56),
(875, '2023-06-14', '15:09:14', 'AM107-2', '\"B110\"', 'CO2', 422),
(876, '2023-06-14', '15:09:14', 'AM107-2', '\"B110\"', 'Luminosite', 47),
(877, '2023-06-14', '15:09:20', 'AM107-23', '\"C004\"', 'Temperature', 23.5),
(878, '2023-06-14', '15:09:20', 'AM107-23', '\"C004\"', 'Humidite', 67),
(879, '2023-06-14', '15:09:20', 'AM107-23', '\"C004\"', 'CO2', 465),
(880, '2023-06-14', '15:09:20', 'AM107-23', '\"C004\"', 'Luminosite', 26),
(881, '2023-06-14', '15:09:49', 'AM107-27', '\"E004\"', 'Temperature', 24.9),
(882, '2023-06-14', '15:09:49', 'AM107-27', '\"E004\"', 'Humidite', 63),
(883, '2023-06-14', '15:09:49', 'AM107-27', '\"E004\"', 'CO2', 410),
(884, '2023-06-14', '15:09:49', 'AM107-27', '\"E004\"', 'Luminosite', 11);

--
-- Index pour les tables déchargées
--

--
-- Index pour la table `admin`
--
ALTER TABLE `admin`
  ADD PRIMARY KEY (`login`);

--
-- Index pour la table `batiment`
--
ALTER TABLE `batiment`
  ADD PRIMARY KEY (`ID-bat`);

--
-- Index pour la table `capteurs`
--
ALTER TABLE `capteurs`
  ADD PRIMARY KEY (`ID-cap`),
  ADD KEY `ID-bat` (`ID-bat`);

--
-- Index pour la table `mesures`
--
ALTER TABLE `mesures`
  ADD PRIMARY KEY (`ID-mes`),
  ADD KEY `ID-cap` (`ID-cap`);

--
-- AUTO_INCREMENT pour les tables déchargées
--

--
-- AUTO_INCREMENT pour la table `mesures`
--
ALTER TABLE `mesures`
  MODIFY `ID-mes` int(10) NOT NULL AUTO_INCREMENT, AUTO_INCREMENT=885;

--
-- Contraintes pour les tables déchargées
--

--
-- Contraintes pour la table `capteurs`
--
ALTER TABLE `capteurs`
  ADD CONSTRAINT `capteurs_ibfk_1` FOREIGN KEY (`ID-bat`) REFERENCES `batiment` (`ID-bat`) ON DELETE CASCADE ON UPDATE CASCADE;

--
-- Contraintes pour la table `mesures`
--
ALTER TABLE `mesures`
  ADD CONSTRAINT `mesures_ibfk_1` FOREIGN KEY (`ID-cap`) REFERENCES `capteurs` (`ID-cap`) ON DELETE CASCADE ON UPDATE CASCADE;
COMMIT;

/*!40101 SET CHARACTER_SET_CLIENT=@OLD_CHARACTER_SET_CLIENT */;
/*!40101 SET CHARACTER_SET_RESULTS=@OLD_CHARACTER_SET_RESULTS */;
/*!40101 SET COLLATION_CONNECTION=@OLD_COLLATION_CONNECTION */;
