-- phpMyAdmin SQL Dump
-- version 5.2.1
-- https://www.phpmyadmin.net/
--
-- Hôte : 127.0.0.1
-- Généré le : dim. 04 juin 2023 à 20:20
-- Version du serveur : 10.4.28-MariaDB
-- Version de PHP : 8.2.4

SET SQL_MODE = "NO_AUTO_VALUE_ON_ZERO";
START TRANSACTION;
SET time_zone = "+00:00";


/*!40101 SET @OLD_CHARACTER_SET_CLIENT=@@CHARACTER_SET_CLIENT */;
/*!40101 SET @OLD_CHARACTER_SET_RESULTS=@@CHARACTER_SET_RESULTS */;
/*!40101 SET @OLD_COLLATION_CONNECTION=@@COLLATION_CONNECTION */;
/*!40101 SET NAMES utf8mb4 */;

--
-- Base de données : `sae23db`
--

-- --------------------------------------------------------

--
-- Structure de la table `admin`
--
USE `4325492_sae23db`;

CREATE TABLE `admin` (
  `login` varchar(30) NOT NULL,
  `mdp` varchar(30) NOT NULL
) ENGINE=InnoDB DEFAULT CHARSET=utf8mb4 COLLATE=utf8mb4_general_ci;

--
-- Déchargement des données de la table `admin`
--

INSERT INTO `admin` (`login`, `mdp`) VALUES
('root', 'root');

-- --------------------------------------------------------

--
-- Structure de la table `batiment`
--

CREATE TABLE `batiment` (
  `ID-bat` varchar(30) NOT NULL,
  `nom` varchar(10) NOT NULL,
  `login` varchar(20) NOT NULL,
  `mdp` varchar(20) NOT NULL
) ENGINE=InnoDB DEFAULT CHARSET=utf8mb4 COLLATE=utf8mb4_general_ci;

--
-- Déchargement des données de la table `batiment`
--

INSERT INTO `batiment` (`ID-bat`, `nom`, `login`, `mdp`) VALUES
('B', 'Batiment B', 'batb', 'batb'),
('E', 'Batiment E', 'loginE', 'loginE');

-- --------------------------------------------------------

--
-- Structure de la table `capteurs`
--

CREATE TABLE `capteurs` (
  `ID-cap` varchar(20) NOT NULL,
  `nom` varchar(20) NOT NULL,
  `ID-bat` varchar(30) NOT NULL
) ENGINE=InnoDB DEFAULT CHARSET=utf8mb4 COLLATE=utf8mb4_general_ci;

--
-- Déchargement des données de la table `capteurs`
--

INSERT INTO `capteurs` (`ID-cap`, `nom`, `ID-bat`) VALUES
('AM107-2', 'Cap-B110', 'B'),
('AM107-27', 'Cap-E004', 'E'),
('AM107-3', 'Cap-B111', 'B'),
('AM107-31', 'Cap-E101', 'E'),
('AM107-40', 'Cap-E207', 'E');

-- --------------------------------------------------------

--
-- Structure de la table `mesures`
--

CREATE TABLE `mesures` (
  `ID-mes` int(10) NOT NULL,
  `date` date NOT NULL,
  `heure` time NOT NULL,
  `ID-cap` varchar(20) NOT NULL,
  `Salle` varchar(10) NOT NULL,
  `type` varchar(20) NOT NULL,
  `valeur` float NOT NULL
) ENGINE=InnoDB DEFAULT CHARSET=utf8mb4 COLLATE=utf8mb4_general_ci;

--
-- Déchargement des données de la table `mesures`
--

INSERT INTO `mesures` (`ID-mes`, `date`, `heure`, `ID-cap`, `Salle`, `type`, `valeur`) VALUES
(71, '2023-06-04', '17:07:39', 'AM107-3', '\"B111\"', 'Temperature', 25.5),
(72, '2023-06-04', '17:07:39', 'AM107-3', '\"B111\"', 'Humidite', 53.5),
(73, '2023-06-04', '17:09:07', 'AM107-2', '\"B110\"', 'Temperature', 26.4),
(74, '2023-06-04', '17:09:07', 'AM107-2', '\"B110\"', 'Humidite', 51),
(75, '2023-06-04', '17:09:35', 'AM107-27', '\"E004\"', 'Temperature', 26.5),
(76, '2023-06-04', '17:09:35', 'AM107-27', '\"E004\"', 'Humidite', 51),
(77, '2023-06-04', '17:13:35', 'AM107-40', '\"E206\"', 'Temperature', 27.1),
(78, '2023-06-04', '17:13:35', 'AM107-40', '\"E206\"', 'Humidite', 46),
(79, '2023-06-04', '17:13:35', 'AM107-40', '\"E206\"', 'CO2', 420),
(80, '2023-06-04', '17:13:35', 'AM107-40', '\"E206\"', 'Luminosite', 0),
(81, '2023-06-04', '17:17:39', 'AM107-3', '\"B111\"', 'Temperature', 25.6),
(82, '2023-06-04', '17:17:39', 'AM107-3', '\"B111\"', 'Humidite', 53.5),
(83, '2023-06-04', '17:17:39', 'AM107-3', '\"B111\"', 'CO2', 428),
(84, '2023-06-04', '17:17:39', 'AM107-3', '\"B111\"', 'Luminosite', 0),
(85, '2023-06-04', '17:19:07', 'AM107-2', '\"B110\"', 'Temperature', 26.4),
(86, '2023-06-04', '17:19:07', 'AM107-2', '\"B110\"', 'Humidite', 50.5),
(87, '2023-06-04', '17:19:07', 'AM107-2', '\"B110\"', 'CO2', 423),
(88, '2023-06-04', '17:19:07', 'AM107-2', '\"B110\"', 'Luminosite', 0),
(89, '2023-06-04', '17:19:35', 'AM107-27', '\"E004\"', 'Temperature', 26.5),
(90, '2023-06-04', '17:19:35', 'AM107-27', '\"E004\"', 'Humidite', 51),
(91, '2023-06-04', '17:19:35', 'AM107-27', '\"E004\"', 'CO2', 405),
(92, '2023-06-04', '17:19:35', 'AM107-27', '\"E004\"', 'Luminosite', 0),
(93, '2023-06-04', '17:23:35', 'AM107-31', '\"E101\"', 'Temperature', 28.2),
(94, '2023-06-04', '17:23:35', 'AM107-31', '\"E101\"', 'Humidite', 43.5),
(95, '2023-06-04', '17:23:35', 'AM107-31', '\"E101\"', 'CO2', 413),
(96, '2023-06-04', '17:23:35', 'AM107-31', '\"E101\"', 'Luminosite', 0),
(97, '2023-06-04', '17:23:36', 'AM107-40', '\"E206\"', 'Temperature', 27),
(98, '2023-06-04', '17:23:36', 'AM107-40', '\"E206\"', 'Humidite', 46),
(99, '2023-06-04', '17:23:36', 'AM107-40', '\"E206\"', 'CO2', 421),
(100, '2023-06-04', '17:23:36', 'AM107-40', '\"E206\"', 'Luminosite', 0),
(101, '2023-06-04', '17:27:39', 'AM107-3', '\"B111\"', 'Temperature', 25.6),
(102, '2023-06-04', '17:27:39', 'AM107-3', '\"B111\"', 'Humidite', 53.5),
(103, '2023-06-04', '17:27:39', 'AM107-3', '\"B111\"', 'CO2', 429),
(104, '2023-06-04', '17:27:39', 'AM107-3', '\"B111\"', 'Luminosite', 0),
(105, '2023-06-04', '17:29:07', 'AM107-2', '\"B110\"', 'Temperature', 26.5),
(106, '2023-06-04', '17:29:07', 'AM107-2', '\"B110\"', 'Humidite', 50.5),
(107, '2023-06-04', '17:29:07', 'AM107-2', '\"B110\"', 'CO2', 413),
(108, '2023-06-04', '17:29:07', 'AM107-2', '\"B110\"', 'Luminosite', 0),
(109, '2023-06-04', '17:29:35', 'AM107-27', '\"E004\"', 'Temperature', 26.4),
(110, '2023-06-04', '17:29:35', 'AM107-27', '\"E004\"', 'Humidite', 51),
(111, '2023-06-04', '17:29:35', 'AM107-27', '\"E004\"', 'CO2', 398),
(112, '2023-06-04', '17:29:35', 'AM107-27', '\"E004\"', 'Luminosite', 0),
(113, '2023-06-04', '17:37:39', 'AM107-3', '\"B111\"', 'Temperature', 25.6),
(114, '2023-06-04', '17:37:39', 'AM107-3', '\"B111\"', 'Humidite', 53.5),
(115, '2023-06-04', '17:37:39', 'AM107-3', '\"B111\"', 'CO2', 420),
(116, '2023-06-04', '17:37:39', 'AM107-3', '\"B111\"', 'Luminosite', 0),
(117, '2023-06-04', '17:39:07', 'AM107-2', '\"B110\"', 'Temperature', 26.5),
(118, '2023-06-04', '17:39:07', 'AM107-2', '\"B110\"', 'Humidite', 50.5),
(119, '2023-06-04', '17:39:07', 'AM107-2', '\"B110\"', 'CO2', 417),
(120, '2023-06-04', '17:39:07', 'AM107-2', '\"B110\"', 'Luminosite', 0),
(121, '2023-06-04', '17:39:35', 'AM107-27', '\"E004\"', 'Temperature', 26.4),
(122, '2023-06-04', '17:39:35', 'AM107-27', '\"E004\"', 'Humidite', 51),
(123, '2023-06-04', '17:39:35', 'AM107-27', '\"E004\"', 'CO2', 404),
(124, '2023-06-04', '17:39:35', 'AM107-27', '\"E004\"', 'Luminosite', 0),
(125, '2023-06-04', '17:43:35', 'AM107-40', '\"E206\"', 'Temperature', 27.1),
(126, '2023-06-04', '17:43:35', 'AM107-40', '\"E206\"', 'Humidite', 46),
(127, '2023-06-04', '17:43:35', 'AM107-40', '\"E206\"', 'CO2', 413),
(128, '2023-06-04', '17:43:35', 'AM107-40', '\"E206\"', 'Luminosite', 0),
(129, '2023-06-04', '17:47:38', 'AM107-3', '\"B111\"', 'Temperature', 25.6),
(130, '2023-06-04', '17:47:38', 'AM107-3', '\"B111\"', 'Humidite', 53.5),
(131, '2023-06-04', '17:47:38', 'AM107-3', '\"B111\"', 'CO2', 429),
(132, '2023-06-04', '17:47:38', 'AM107-3', '\"B111\"', 'Luminosite', 0),
(133, '2023-06-04', '17:49:08', 'AM107-2', '\"B110\"', 'Temperature', 26.5),
(134, '2023-06-04', '17:49:08', 'AM107-2', '\"B110\"', 'Humidite', 50.5),
(135, '2023-06-04', '17:49:08', 'AM107-2', '\"B110\"', 'CO2', 421),
(136, '2023-06-04', '17:49:08', 'AM107-2', '\"B110\"', 'Luminosite', 0),
(137, '2023-06-04', '17:49:35', 'AM107-27', '\"E004\"', 'Temperature', 26.4),
(138, '2023-06-04', '17:49:35', 'AM107-27', '\"E004\"', 'Humidite', 51),
(139, '2023-06-04', '17:49:35', 'AM107-27', '\"E004\"', 'CO2', 403),
(140, '2023-06-04', '17:49:35', 'AM107-27', '\"E004\"', 'Luminosite', 0),
(141, '2023-06-04', '17:53:35', 'AM107-40', '\"E206\"', 'Temperature', 27.1),
(142, '2023-06-04', '17:53:35', 'AM107-40', '\"E206\"', 'Humidite', 46),
(143, '2023-06-04', '17:53:35', 'AM107-40', '\"E206\"', 'CO2', 421),
(144, '2023-06-04', '17:53:35', 'AM107-40', '\"E206\"', 'Luminosite', 0),
(145, '2023-06-04', '17:57:38', 'AM107-3', '\"B111\"', 'Temperature', 25.6),
(146, '2023-06-04', '17:57:38', 'AM107-3', '\"B111\"', 'Humidite', 53.5),
(147, '2023-06-04', '17:57:38', 'AM107-3', '\"B111\"', 'CO2', 420),
(148, '2023-06-04', '17:57:38', 'AM107-3', '\"B111\"', 'Luminosite', 0),
(149, '2023-06-04', '17:59:07', 'AM107-2', '\"B110\"', 'Temperature', 26.5),
(150, '2023-06-04', '17:59:07', 'AM107-2', '\"B110\"', 'Humidite', 50.5),
(151, '2023-06-04', '17:59:07', 'AM107-2', '\"B110\"', 'CO2', 425),
(152, '2023-06-04', '17:59:07', 'AM107-2', '\"B110\"', 'Luminosite', 0),
(153, '2023-06-04', '17:59:35', 'AM107-27', '\"E004\"', 'Temperature', 26.3),
(154, '2023-06-04', '17:59:35', 'AM107-27', '\"E004\"', 'Humidite', 51),
(155, '2023-06-04', '17:59:35', 'AM107-27', '\"E004\"', 'CO2', 405),
(156, '2023-06-04', '17:59:35', 'AM107-27', '\"E004\"', 'Luminosite', 0),
(157, '2023-06-04', '18:03:35', 'AM107-31', '\"E101\"', 'Temperature', 28),
(158, '2023-06-04', '18:03:35', 'AM107-31', '\"E101\"', 'Humidite', 43.5),
(159, '2023-06-04', '18:03:35', 'AM107-31', '\"E101\"', 'CO2', 417),
(160, '2023-06-04', '18:03:35', 'AM107-31', '\"E101\"', 'Luminosite', 0),
(161, '2023-06-04', '18:07:39', 'AM107-3', '\"B111\"', 'Temperature', 25.6),
(162, '2023-06-04', '18:07:39', 'AM107-3', '\"B111\"', 'Humidite', 53.5),
(163, '2023-06-04', '18:07:39', 'AM107-3', '\"B111\"', 'CO2', 424),
(164, '2023-06-04', '18:07:39', 'AM107-3', '\"B111\"', 'Luminosite', 0),
(165, '2023-06-04', '18:09:07', 'AM107-2', '\"B110\"', 'Temperature', 26.5),
(166, '2023-06-04', '18:09:07', 'AM107-2', '\"B110\"', 'Humidite', 50.5),
(167, '2023-06-04', '18:09:07', 'AM107-2', '\"B110\"', 'CO2', 418),
(168, '2023-06-04', '18:09:07', 'AM107-2', '\"B110\"', 'Luminosite', 0),
(169, '2023-06-04', '18:09:35', 'AM107-27', '\"E004\"', 'Temperature', 26.4),
(170, '2023-06-04', '18:09:35', 'AM107-27', '\"E004\"', 'Humidite', 51),
(171, '2023-06-04', '18:09:35', 'AM107-27', '\"E004\"', 'CO2', 399),
(172, '2023-06-04', '18:09:35', 'AM107-27', '\"E004\"', 'Luminosite', 0),
(173, '2023-06-04', '18:13:35', 'AM107-40', '\"E206\"', 'Temperature', 27.3),
(174, '2023-06-04', '18:13:35', 'AM107-40', '\"E206\"', 'Humidite', 45.5),
(175, '2023-06-04', '18:13:35', 'AM107-40', '\"E206\"', 'CO2', 414),
(176, '2023-06-04', '18:13:35', 'AM107-40', '\"E206\"', 'Luminosite', 0),
(177, '2023-06-04', '18:17:39', 'AM107-3', '\"B111\"', 'Temperature', 25.6),
(178, '2023-06-04', '18:17:39', 'AM107-3', '\"B111\"', 'Humidite', 53.5),
(179, '2023-06-04', '18:17:39', 'AM107-3', '\"B111\"', 'CO2', 418),
(180, '2023-06-04', '18:17:39', 'AM107-3', '\"B111\"', 'Luminosite', 0),
(181, '2023-06-04', '18:19:07', 'AM107-2', '\"B110\"', 'Temperature', 26.5),
(182, '2023-06-04', '18:19:07', 'AM107-2', '\"B110\"', 'Humidite', 50.5),
(183, '2023-06-04', '18:19:07', 'AM107-2', '\"B110\"', 'CO2', 419),
(184, '2023-06-04', '18:19:07', 'AM107-2', '\"B110\"', 'Luminosite', 0),
(185, '2023-06-04', '18:19:35', 'AM107-27', '\"E004\"', 'Temperature', 26.7),
(186, '2023-06-04', '18:19:35', 'AM107-27', '\"E004\"', 'Humidite', 50.5),
(187, '2023-06-04', '18:19:35', 'AM107-27', '\"E004\"', 'CO2', 396),
(188, '2023-06-04', '18:19:35', 'AM107-27', '\"E004\"', 'Luminosite', 0),
(189, '2023-06-04', '18:23:35', 'AM107-40', '\"E206\"', 'Temperature', 27.5),
(190, '2023-06-04', '18:23:35', 'AM107-40', '\"E206\"', 'Humidite', 45),
(191, '2023-06-04', '18:23:35', 'AM107-40', '\"E206\"', 'CO2', 412),
(192, '2023-06-04', '18:23:35', 'AM107-40', '\"E206\"', 'Luminosite', 0),
(193, '2023-06-04', '18:27:39', 'AM107-3', '\"B111\"', 'Temperature', 25.6),
(194, '2023-06-04', '18:27:39', 'AM107-3', '\"B111\"', 'Humidite', 53.5),
(195, '2023-06-04', '18:27:39', 'AM107-3', '\"B111\"', 'CO2', 421),
(196, '2023-06-04', '18:27:39', 'AM107-3', '\"B111\"', 'Luminosite', 0),
(197, '2023-06-04', '18:29:07', 'AM107-2', '\"B110\"', 'Temperature', 26.6),
(198, '2023-06-04', '18:29:07', 'AM107-2', '\"B110\"', 'Humidite', 50),
(199, '2023-06-04', '18:29:07', 'AM107-2', '\"B110\"', 'CO2', 421),
(200, '2023-06-04', '18:29:07', 'AM107-2', '\"B110\"', 'Luminosite', 0),
(201, '2023-06-04', '18:29:35', 'AM107-27', '\"E004\"', 'Temperature', 26.9),
(202, '2023-06-04', '18:29:35', 'AM107-27', '\"E004\"', 'Humidite', 50),
(203, '2023-06-04', '18:29:35', 'AM107-27', '\"E004\"', 'CO2', 395),
(204, '2023-06-04', '18:29:35', 'AM107-27', '\"E004\"', 'Luminosite', 0),
(205, '2023-06-04', '18:33:35', 'AM107-31', '\"E101\"', 'Temperature', 28.8),
(206, '2023-06-04', '18:33:35', 'AM107-31', '\"E101\"', 'Humidite', 42),
(207, '2023-06-04', '18:33:35', 'AM107-31', '\"E101\"', 'CO2', 404),
(208, '2023-06-04', '18:33:35', 'AM107-31', '\"E101\"', 'Luminosite', 0),
(209, '2023-06-04', '18:37:39', 'AM107-3', '\"B111\"', 'Temperature', 25.6),
(210, '2023-06-04', '18:37:39', 'AM107-3', '\"B111\"', 'Humidite', 53),
(211, '2023-06-04', '18:37:39', 'AM107-3', '\"B111\"', 'CO2', 423),
(212, '2023-06-04', '18:37:39', 'AM107-3', '\"B111\"', 'Luminosite', 0),
(213, '2023-06-04', '18:39:07', 'AM107-2', '\"B110\"', 'Temperature', 26.7),
(214, '2023-06-04', '18:39:07', 'AM107-2', '\"B110\"', 'Humidite', 50),
(215, '2023-06-04', '18:39:07', 'AM107-2', '\"B110\"', 'CO2', 423),
(216, '2023-06-04', '18:39:07', 'AM107-2', '\"B110\"', 'Luminosite', 0),
(217, '2023-06-04', '18:39:35', 'AM107-27', '\"E004\"', 'Temperature', 27.2),
(218, '2023-06-04', '18:39:35', 'AM107-27', '\"E004\"', 'Humidite', 49.5),
(219, '2023-06-04', '18:39:35', 'AM107-27', '\"E004\"', 'CO2', 402),
(220, '2023-06-04', '18:39:35', 'AM107-27', '\"E004\"', 'Luminosite', 0),
(221, '2023-06-04', '18:43:35', 'AM107-40', '\"E206\"', 'Temperature', 28.1),
(222, '2023-06-04', '18:43:35', 'AM107-40', '\"E206\"', 'Humidite', 44),
(223, '2023-06-04', '18:43:35', 'AM107-40', '\"E206\"', 'CO2', 420),
(224, '2023-06-04', '18:43:35', 'AM107-40', '\"E206\"', 'Luminosite', 0),
(225, '2023-06-04', '18:47:39', 'AM107-3', '\"B111\"', 'Temperature', 25.7),
(226, '2023-06-04', '18:47:39', 'AM107-3', '\"B111\"', 'Humidite', 53),
(227, '2023-06-04', '18:47:39', 'AM107-3', '\"B111\"', 'CO2', 423),
(228, '2023-06-04', '18:47:39', 'AM107-3', '\"B111\"', 'Luminosite', 0),
(229, '2023-06-04', '18:49:07', 'AM107-2', '\"B110\"', 'Temperature', 26.8),
(230, '2023-06-04', '18:49:07', 'AM107-2', '\"B110\"', 'Humidite', 50),
(231, '2023-06-04', '18:49:07', 'AM107-2', '\"B110\"', 'CO2', 415),
(232, '2023-06-04', '18:49:07', 'AM107-2', '\"B110\"', 'Luminosite', 0),
(233, '2023-06-04', '18:49:35', 'AM107-27', '\"E004\"', 'Temperature', 27.4),
(234, '2023-06-04', '18:49:35', 'AM107-27', '\"E004\"', 'Humidite', 49),
(235, '2023-06-04', '18:49:35', 'AM107-27', '\"E004\"', 'CO2', 406),
(236, '2023-06-04', '18:49:35', 'AM107-27', '\"E004\"', 'Luminosite', 0),
(237, '2023-06-04', '18:53:35', 'AM107-40', '\"E206\"', 'Temperature', 28.3),
(238, '2023-06-04', '18:53:35', 'AM107-40', '\"E206\"', 'Humidite', 43.5),
(239, '2023-06-04', '18:53:35', 'AM107-40', '\"E206\"', 'CO2', 416),
(240, '2023-06-04', '18:53:35', 'AM107-40', '\"E206\"', 'Luminosite', 0),
(241, '2023-06-04', '18:57:39', 'AM107-3', '\"B111\"', 'Temperature', 25.7),
(242, '2023-06-04', '18:57:39', 'AM107-3', '\"B111\"', 'Humidite', 53),
(243, '2023-06-04', '18:57:39', 'AM107-3', '\"B111\"', 'CO2', 432),
(244, '2023-06-04', '18:57:39', 'AM107-3', '\"B111\"', 'Luminosite', 0),
(245, '2023-06-04', '18:59:08', 'AM107-2', '\"B110\"', 'Temperature', 26.9),
(246, '2023-06-04', '18:59:08', 'AM107-2', '\"B110\"', 'Humidite', 49.5),
(247, '2023-06-04', '18:59:08', 'AM107-2', '\"B110\"', 'CO2', 416),
(248, '2023-06-04', '18:59:08', 'AM107-2', '\"B110\"', 'Luminosite', 0),
(249, '2023-06-04', '18:59:35', 'AM107-27', '\"E004\"', 'Temperature', 27.6),
(250, '2023-06-04', '18:59:35', 'AM107-27', '\"E004\"', 'Humidite', 48.5),
(251, '2023-06-04', '18:59:35', 'AM107-27', '\"E004\"', 'CO2', 404),
(252, '2023-06-04', '18:59:35', 'AM107-27', '\"E004\"', 'Luminosite', 0);

--
-- Index pour les tables déchargées
--

--
-- Index pour la table `batiment`
--
ALTER TABLE `batiment`
  ADD PRIMARY KEY (`ID-bat`);

--
-- Index pour la table `capteurs`
--
ALTER TABLE `capteurs`
  ADD PRIMARY KEY (`ID-cap`),
  ADD KEY `ID-bat` (`ID-bat`);

--
-- Index pour la table `mesures`
--
ALTER TABLE `mesures`
  ADD PRIMARY KEY (`ID-mes`),
  ADD KEY `ID-cap` (`ID-cap`);

--
-- AUTO_INCREMENT pour les tables déchargées
--

--
-- AUTO_INCREMENT pour la table `mesures`
--
ALTER TABLE `mesures`
  MODIFY `ID-mes` int(10) NOT NULL AUTO_INCREMENT, AUTO_INCREMENT=253;

--
-- Contraintes pour les tables déchargées
--

--
-- Contraintes pour la table `capteurs`
--
ALTER TABLE `capteurs`
  ADD CONSTRAINT `capteurs_ibfk_1` FOREIGN KEY (`ID-bat`) REFERENCES `batiment` (`ID-bat`) ON DELETE CASCADE ON UPDATE CASCADE;

--
-- Contraintes pour la table `mesures`
--
ALTER TABLE `mesures`
  ADD CONSTRAINT `mesures_ibfk_1` FOREIGN KEY (`ID-cap`) REFERENCES `capteurs` (`ID-cap`) ON DELETE CASCADE ON UPDATE CASCADE;
COMMIT;

/*!40101 SET CHARACTER_SET_CLIENT=@OLD_CHARACTER_SET_CLIENT */;
/*!40101 SET CHARACTER_SET_RESULTS=@OLD_CHARACTER_SET_RESULTS */;
/*!40101 SET COLLATION_CONNECTION=@OLD_COLLATION_CONNECTION */;
