-- phpMyAdmin SQL Dump
-- version 5.2.1
-- https://www.phpmyadmin.net/
--
-- Hôte : 127.0.0.1
-- Généré le : mer. 07 juin 2023 à 11:04
-- Version du serveur : 10.4.28-MariaDB
-- Version de PHP : 8.2.4

SET SQL_MODE = "NO_AUTO_VALUE_ON_ZERO";
START TRANSACTION;
SET time_zone = "+00:00";


/*!40101 SET @OLD_CHARACTER_SET_CLIENT=@@CHARACTER_SET_CLIENT */;
/*!40101 SET @OLD_CHARACTER_SET_RESULTS=@@CHARACTER_SET_RESULTS */;
/*!40101 SET @OLD_COLLATION_CONNECTION=@@COLLATION_CONNECTION */;
/*!40101 SET NAMES utf8mb4 */;

--
-- Base de données : `sae23db`
--

-- --------------------------------------------------------

--
-- Structure de la table `admin`
--

CREATE TABLE `admin` (
  `login` varchar(30) NOT NULL,
  `mdp` varchar(30) NOT NULL
) ENGINE=InnoDB DEFAULT CHARSET=utf8mb4 COLLATE=utf8mb4_general_ci;

--
-- Déchargement des données de la table `admin`
--

INSERT INTO `admin` (`login`, `mdp`) VALUES
('root', 'root');

-- --------------------------------------------------------

--
-- Structure de la table `batiment`
--

CREATE TABLE `batiment` (
  `ID-bat` varchar(30) NOT NULL,
  `nom` varchar(10) NOT NULL,
  `login` varchar(20) NOT NULL,
  `mdp` varchar(20) NOT NULL
) ENGINE=InnoDB DEFAULT CHARSET=utf8mb4 COLLATE=utf8mb4_general_ci;

--
-- Déchargement des données de la table `batiment`
--

INSERT INTO `batiment` (`ID-bat`, `nom`, `login`, `mdp`) VALUES
('A', 'Batilent A', 'bata', 'bata'),
('B', 'Batiment B', 'batb', 'batb'),
('C', 'Batiment c', 'batc', 'batc'),
('E', 'Batiment E', 'loginE', 'loginE');

-- --------------------------------------------------------

--
-- Structure de la table `capteurs`
--

CREATE TABLE `capteurs` (
  `ID-cap` varchar(20) NOT NULL,
  `nom` varchar(20) NOT NULL,
  `ID-bat` varchar(30) NOT NULL
) ENGINE=InnoDB DEFAULT CHARSET=utf8mb4 COLLATE=utf8mb4_general_ci;

--
-- Déchargement des données de la table `capteurs`
--

INSERT INTO `capteurs` (`ID-cap`, `nom`, `ID-bat`) VALUES
('AM107-10', 'Cap-B101', 'A'),
('AM107-2', 'Cap-B110', 'B'),
('AM107-23', 'Cap-C004', 'A'),
('AM107-27', 'Cap-E004', 'E'),
('AM107-3', 'Cap-B111', 'B'),
('AM107-31', 'Cap-E101', 'E'),
('AM107-40', 'Cap-E207', 'E');

-- --------------------------------------------------------

--
-- Structure de la table `mesures`
--

CREATE TABLE `mesures` (
  `ID-mes` int(10) NOT NULL,
  `date` date NOT NULL DEFAULT current_timestamp(),
  `heure` time NOT NULL DEFAULT current_timestamp(),
  `ID-cap` varchar(20) NOT NULL,
  `Salle` varchar(10) NOT NULL,
  `type` varchar(20) NOT NULL,
  `valeur` float NOT NULL
) ENGINE=InnoDB DEFAULT CHARSET=utf8mb4 COLLATE=utf8mb4_general_ci;

--
-- Déchargement des données de la table `mesures`
--

INSERT INTO `mesures` (`ID-mes`, `date`, `heure`, `ID-cap`, `Salle`, `type`, `valeur`) VALUES
(71, '2023-06-04', '17:07:39', 'AM107-3', '\"B111\"', 'Temperature', 25.5),
(72, '2023-06-04', '17:07:39', 'AM107-3', '\"B111\"', 'Humidite', 53.5),
(73, '2023-06-04', '17:09:07', 'AM107-2', '\"B110\"', 'Temperature', 26.4),
(74, '2023-06-04', '17:09:07', 'AM107-2', '\"B110\"', 'Humidite', 51),
(75, '2023-06-04', '17:09:35', 'AM107-27', '\"E004\"', 'Temperature', 26.5),
(76, '2023-06-04', '17:09:35', 'AM107-27', '\"E004\"', 'Humidite', 51),
(77, '2023-06-04', '17:13:35', 'AM107-40', '\"E206\"', 'Temperature', 27.1),
(78, '2023-06-04', '17:13:35', 'AM107-40', '\"E206\"', 'Humidite', 46),
(79, '2023-06-04', '17:13:35', 'AM107-40', '\"E206\"', 'CO2', 420),
(81, '2023-06-04', '17:17:39', 'AM107-3', '\"B111\"', 'Temperature', 25.6),
(82, '2023-06-04', '17:17:39', 'AM107-3', '\"B111\"', 'Humidite', 53.5),
(83, '2023-06-04', '17:17:39', 'AM107-3', '\"B111\"', 'CO2', 428),
(85, '2023-06-04', '17:19:07', 'AM107-2', '\"B110\"', 'Temperature', 26.4),
(86, '2023-06-04', '17:19:07', 'AM107-2', '\"B110\"', 'Humidite', 50.5),
(87, '2023-06-04', '17:19:07', 'AM107-2', '\"B110\"', 'CO2', 423),
(89, '2023-06-04', '17:19:35', 'AM107-27', '\"E004\"', 'Temperature', 26.5),
(90, '2023-06-04', '17:19:35', 'AM107-27', '\"E004\"', 'Humidite', 51),
(91, '2023-06-04', '17:19:35', 'AM107-27', '\"E004\"', 'CO2', 405),
(93, '2023-06-04', '17:23:35', 'AM107-31', '\"E101\"', 'Temperature', 28.2),
(94, '2023-06-04', '17:23:35', 'AM107-31', '\"E101\"', 'Humidite', 43.5),
(95, '2023-06-04', '17:23:35', 'AM107-31', '\"E101\"', 'CO2', 413),
(97, '2023-06-04', '17:23:36', 'AM107-40', '\"E206\"', 'Temperature', 27),
(98, '2023-06-04', '17:23:36', 'AM107-40', '\"E206\"', 'Humidite', 46),
(99, '2023-06-04', '17:23:36', 'AM107-40', '\"E206\"', 'CO2', 421),
(101, '2023-06-04', '17:27:39', 'AM107-3', '\"B111\"', 'Temperature', 25.6),
(102, '2023-06-04', '17:27:39', 'AM107-3', '\"B111\"', 'Humidite', 53.5),
(103, '2023-06-04', '17:27:39', 'AM107-3', '\"B111\"', 'CO2', 429),
(105, '2023-06-04', '17:29:07', 'AM107-2', '\"B110\"', 'Temperature', 26.5),
(106, '2023-06-04', '17:29:07', 'AM107-2', '\"B110\"', 'Humidite', 50.5),
(107, '2023-06-04', '17:29:07', 'AM107-2', '\"B110\"', 'CO2', 413),
(109, '2023-06-04', '17:29:35', 'AM107-27', '\"E004\"', 'Temperature', 26.4),
(110, '2023-06-04', '17:29:35', 'AM107-27', '\"E004\"', 'Humidite', 51),
(111, '2023-06-04', '17:29:35', 'AM107-27', '\"E004\"', 'CO2', 398),
(113, '2023-06-04', '17:37:39', 'AM107-3', '\"B111\"', 'Temperature', 25.6),
(114, '2023-06-04', '17:37:39', 'AM107-3', '\"B111\"', 'Humidite', 53.5),
(115, '2023-06-04', '17:37:39', 'AM107-3', '\"B111\"', 'CO2', 420),
(117, '2023-06-04', '17:39:07', 'AM107-2', '\"B110\"', 'Temperature', 26.5),
(118, '2023-06-04', '17:39:07', 'AM107-2', '\"B110\"', 'Humidite', 50.5),
(119, '2023-06-04', '17:39:07', 'AM107-2', '\"B110\"', 'CO2', 417),
(121, '2023-06-04', '17:39:35', 'AM107-27', '\"E004\"', 'Temperature', 26.4),
(122, '2023-06-04', '17:39:35', 'AM107-27', '\"E004\"', 'Humidite', 51),
(123, '2023-06-04', '17:39:35', 'AM107-27', '\"E004\"', 'CO2', 404),
(125, '2023-06-04', '17:43:35', 'AM107-40', '\"E206\"', 'Temperature', 27.1),
(126, '2023-06-04', '17:43:35', 'AM107-40', '\"E206\"', 'Humidite', 46),
(127, '2023-06-04', '17:43:35', 'AM107-40', '\"E206\"', 'CO2', 413),
(129, '2023-06-04', '17:47:38', 'AM107-3', '\"B111\"', 'Temperature', 25.6),
(130, '2023-06-04', '17:47:38', 'AM107-3', '\"B111\"', 'Humidite', 53.5),
(131, '2023-06-04', '17:47:38', 'AM107-3', '\"B111\"', 'CO2', 429),
(133, '2023-06-04', '17:49:08', 'AM107-2', '\"B110\"', 'Temperature', 26.5),
(134, '2023-06-04', '17:49:08', 'AM107-2', '\"B110\"', 'Humidite', 50.5),
(135, '2023-06-04', '17:49:08', 'AM107-2', '\"B110\"', 'CO2', 421),
(137, '2023-06-04', '17:49:35', 'AM107-27', '\"E004\"', 'Temperature', 26.4),
(138, '2023-06-04', '17:49:35', 'AM107-27', '\"E004\"', 'Humidite', 51),
(139, '2023-06-04', '17:49:35', 'AM107-27', '\"E004\"', 'CO2', 403),
(141, '2023-06-04', '17:53:35', 'AM107-40', '\"E206\"', 'Temperature', 27.1),
(142, '2023-06-04', '17:53:35', 'AM107-40', '\"E206\"', 'Humidite', 46),
(143, '2023-06-04', '17:53:35', 'AM107-40', '\"E206\"', 'CO2', 421),
(145, '2023-06-04', '17:57:38', 'AM107-3', '\"B111\"', 'Temperature', 25.6),
(146, '2023-06-04', '17:57:38', 'AM107-3', '\"B111\"', 'Humidite', 53.5),
(147, '2023-06-04', '17:57:38', 'AM107-3', '\"B111\"', 'CO2', 420),
(149, '2023-06-04', '17:59:07', 'AM107-2', '\"B110\"', 'Temperature', 26.5),
(150, '2023-06-04', '17:59:07', 'AM107-2', '\"B110\"', 'Humidite', 50.5),
(151, '2023-06-04', '17:59:07', 'AM107-2', '\"B110\"', 'CO2', 425),
(153, '2023-06-04', '17:59:35', 'AM107-27', '\"E004\"', 'Temperature', 26.3),
(154, '2023-06-04', '17:59:35', 'AM107-27', '\"E004\"', 'Humidite', 51),
(155, '2023-06-04', '17:59:35', 'AM107-27', '\"E004\"', 'CO2', 405),
(157, '2023-06-04', '18:03:35', 'AM107-31', '\"E101\"', 'Temperature', 28),
(158, '2023-06-04', '18:03:35', 'AM107-31', '\"E101\"', 'Humidite', 43.5),
(159, '2023-06-04', '18:03:35', 'AM107-31', '\"E101\"', 'CO2', 417),
(161, '2023-06-04', '18:07:39', 'AM107-3', '\"B111\"', 'Temperature', 25.6),
(162, '2023-06-04', '18:07:39', 'AM107-3', '\"B111\"', 'Humidite', 53.5),
(163, '2023-06-04', '18:07:39', 'AM107-3', '\"B111\"', 'CO2', 424),
(165, '2023-06-04', '18:09:07', 'AM107-2', '\"B110\"', 'Temperature', 26.5),
(166, '2023-06-04', '18:09:07', 'AM107-2', '\"B110\"', 'Humidite', 50.5),
(167, '2023-06-04', '18:09:07', 'AM107-2', '\"B110\"', 'CO2', 418),
(169, '2023-06-04', '18:09:35', 'AM107-27', '\"E004\"', 'Temperature', 26.4),
(170, '2023-06-04', '18:09:35', 'AM107-27', '\"E004\"', 'Humidite', 51),
(171, '2023-06-04', '18:09:35', 'AM107-27', '\"E004\"', 'CO2', 399),
(173, '2023-06-04', '18:13:35', 'AM107-40', '\"E206\"', 'Temperature', 27.3),
(174, '2023-06-04', '18:13:35', 'AM107-40', '\"E206\"', 'Humidite', 45.5),
(175, '2023-06-04', '18:13:35', 'AM107-40', '\"E206\"', 'CO2', 414),
(177, '2023-06-04', '18:17:39', 'AM107-3', '\"B111\"', 'Temperature', 25.6),
(178, '2023-06-04', '18:17:39', 'AM107-3', '\"B111\"', 'Humidite', 53.5),
(179, '2023-06-04', '18:17:39', 'AM107-3', '\"B111\"', 'CO2', 418),
(181, '2023-06-04', '18:19:07', 'AM107-2', '\"B110\"', 'Temperature', 26.5),
(182, '2023-06-04', '18:19:07', 'AM107-2', '\"B110\"', 'Humidite', 50.5),
(183, '2023-06-04', '18:19:07', 'AM107-2', '\"B110\"', 'CO2', 419),
(185, '2023-06-04', '18:19:35', 'AM107-27', '\"E004\"', 'Temperature', 26.7),
(186, '2023-06-04', '18:19:35', 'AM107-27', '\"E004\"', 'Humidite', 50.5),
(187, '2023-06-04', '18:19:35', 'AM107-27', '\"E004\"', 'CO2', 396),
(189, '2023-06-04', '18:23:35', 'AM107-40', '\"E206\"', 'Temperature', 27.5),
(190, '2023-06-04', '18:23:35', 'AM107-40', '\"E206\"', 'Humidite', 45),
(191, '2023-06-04', '18:23:35', 'AM107-40', '\"E206\"', 'CO2', 412),
(193, '2023-06-04', '18:27:39', 'AM107-3', '\"B111\"', 'Temperature', 25.6),
(194, '2023-06-04', '18:27:39', 'AM107-3', '\"B111\"', 'Humidite', 53.5),
(195, '2023-06-04', '18:27:39', 'AM107-3', '\"B111\"', 'CO2', 421),
(197, '2023-06-04', '18:29:07', 'AM107-2', '\"B110\"', 'Temperature', 26.6),
(198, '2023-06-04', '18:29:07', 'AM107-2', '\"B110\"', 'Humidite', 50),
(199, '2023-06-04', '18:29:07', 'AM107-2', '\"B110\"', 'CO2', 421),
(201, '2023-06-04', '18:29:35', 'AM107-27', '\"E004\"', 'Temperature', 26.9),
(202, '2023-06-04', '18:29:35', 'AM107-27', '\"E004\"', 'Humidite', 50),
(203, '2023-06-04', '18:29:35', 'AM107-27', '\"E004\"', 'CO2', 395),
(205, '2023-06-04', '18:33:35', 'AM107-31', '\"E101\"', 'Temperature', 28.8),
(206, '2023-06-04', '18:33:35', 'AM107-31', '\"E101\"', 'Humidite', 42),
(207, '2023-06-04', '18:33:35', 'AM107-31', '\"E101\"', 'CO2', 404),
(209, '2023-06-04', '18:37:39', 'AM107-3', '\"B111\"', 'Temperature', 25.6),
(210, '2023-06-04', '18:37:39', 'AM107-3', '\"B111\"', 'Humidite', 53),
(211, '2023-06-04', '18:37:39', 'AM107-3', '\"B111\"', 'CO2', 423),
(213, '2023-06-04', '18:39:07', 'AM107-2', '\"B110\"', 'Temperature', 26.7),
(214, '2023-06-04', '18:39:07', 'AM107-2', '\"B110\"', 'Humidite', 50),
(215, '2023-06-04', '18:39:07', 'AM107-2', '\"B110\"', 'CO2', 423),
(217, '2023-06-04', '18:39:35', 'AM107-27', '\"E004\"', 'Temperature', 27.2),
(218, '2023-06-04', '18:39:35', 'AM107-27', '\"E004\"', 'Humidite', 49.5),
(219, '2023-06-04', '18:39:35', 'AM107-27', '\"E004\"', 'CO2', 402),
(221, '2023-06-04', '18:43:35', 'AM107-40', '\"E206\"', 'Temperature', 28.1),
(222, '2023-06-04', '18:43:35', 'AM107-40', '\"E206\"', 'Humidite', 44),
(223, '2023-06-04', '18:43:35', 'AM107-40', '\"E206\"', 'CO2', 420),
(225, '2023-06-04', '18:47:39', 'AM107-3', '\"B111\"', 'Temperature', 25.7),
(226, '2023-06-04', '18:47:39', 'AM107-3', '\"B111\"', 'Humidite', 53),
(227, '2023-06-04', '18:47:39', 'AM107-3', '\"B111\"', 'CO2', 423),
(229, '2023-06-04', '18:49:07', 'AM107-2', '\"B110\"', 'Temperature', 26.8),
(230, '2023-06-04', '18:49:07', 'AM107-2', '\"B110\"', 'Humidite', 50),
(231, '2023-06-04', '18:49:07', 'AM107-2', '\"B110\"', 'CO2', 415),
(233, '2023-06-04', '18:49:35', 'AM107-27', '\"E004\"', 'Temperature', 27.4),
(234, '2023-06-04', '18:49:35', 'AM107-27', '\"E004\"', 'Humidite', 49),
(235, '2023-06-04', '18:49:35', 'AM107-27', '\"E004\"', 'CO2', 406),
(237, '2023-06-04', '18:53:35', 'AM107-40', '\"E206\"', 'Temperature', 28.3),
(238, '2023-06-04', '18:53:35', 'AM107-40', '\"E206\"', 'Humidite', 43.5),
(239, '2023-06-04', '18:53:35', 'AM107-40', '\"E206\"', 'CO2', 416),
(241, '2023-06-04', '18:57:39', 'AM107-3', '\"B111\"', 'Temperature', 25.7),
(242, '2023-06-04', '18:57:39', 'AM107-3', '\"B111\"', 'Humidite', 53),
(243, '2023-06-04', '18:57:39', 'AM107-3', '\"B111\"', 'CO2', 432),
(245, '2023-06-04', '18:59:08', 'AM107-2', '\"B110\"', 'Temperature', 26.9),
(246, '2023-06-04', '18:59:08', 'AM107-2', '\"B110\"', 'Humidite', 49.5),
(247, '2023-06-04', '18:59:08', 'AM107-2', '\"B110\"', 'CO2', 416),
(249, '2023-06-04', '18:59:35', 'AM107-27', '\"E004\"', 'Temperature', 27.6),
(250, '2023-06-04', '18:59:35', 'AM107-27', '\"E004\"', 'Humidite', 48.5),
(251, '2023-06-04', '18:59:35', 'AM107-27', '\"E004\"', 'CO2', 404),
(253, '2023-06-07', '08:23:34', 'AM107-40', '\"E206\"', 'Temperature', 25.7),
(254, '2023-06-07', '08:23:34', 'AM107-40', '\"E206\"', 'Humidite', 51),
(255, '2023-06-07', '08:23:34', 'AM107-40', '\"E206\"', 'CO2', 490),
(257, '2023-06-07', '08:27:36', 'AM107-3', '\"B111\"', 'Temperature', 24.6),
(258, '2023-06-07', '08:27:36', 'AM107-3', '\"B111\"', 'Humidite', 55.5),
(259, '2023-06-07', '08:27:36', 'AM107-3', '\"B111\"', 'CO2', 500),
(260, '2023-06-07', '08:27:36', 'AM107-3', '\"B111\"', 'Luminosite', 2),
(261, '2023-06-07', '08:29:07', 'AM107-2', '\"B110\"', 'Temperature', 24.9),
(262, '2023-06-07', '08:29:07', 'AM107-2', '\"B110\"', 'Humidite', 54),
(263, '2023-06-07', '08:29:07', 'AM107-2', '\"B110\"', 'CO2', 500),
(264, '2023-06-07', '08:29:07', 'AM107-2', '\"B110\"', 'Luminosite', 5),
(265, '2023-06-07', '08:29:34', 'AM107-27', '\"E004\"', 'Temperature', 23.5),
(266, '2023-06-07', '08:29:34', 'AM107-27', '\"E004\"', 'Humidite', 60),
(267, '2023-06-07', '08:29:34', 'AM107-27', '\"E004\"', 'CO2', 495),
(268, '2023-06-07', '08:29:34', 'AM107-27', '\"E004\"', 'Luminosite', 62),
(269, '2023-06-07', '08:33:34', 'AM107-31', '\"E101\"', 'Temperature', 25),
(270, '2023-06-07', '08:33:34', 'AM107-31', '\"E101\"', 'Humidite', 55.5),
(271, '2023-06-07', '08:33:34', 'AM107-31', '\"E101\"', 'CO2', 541),
(272, '2023-06-07', '08:33:34', 'AM107-31', '\"E101\"', 'Luminosite', 13),
(273, '2023-06-07', '08:33:35', 'AM107-40', '\"E206\"', 'Temperature', 25.7),
(274, '2023-06-07', '08:33:35', 'AM107-40', '\"E206\"', 'Humidite', 51.5),
(275, '2023-06-07', '08:33:35', 'AM107-40', '\"E206\"', 'CO2', 497),
(276, '2023-06-07', '08:33:35', 'AM107-40', '\"E206\"', 'Luminosite', 0),
(277, '2023-06-07', '08:37:36', 'AM107-3', '\"B111\"', 'Temperature', 24.6),
(278, '2023-06-07', '08:37:36', 'AM107-3', '\"B111\"', 'Humidite', 56),
(279, '2023-06-07', '08:37:36', 'AM107-3', '\"B111\"', 'CO2', 501),
(280, '2023-06-07', '08:37:36', 'AM107-3', '\"B111\"', 'Luminosite', 6),
(281, '2023-06-07', '08:39:06', 'AM107-2', '\"B110\"', 'Temperature', 24.9),
(282, '2023-06-07', '08:39:06', 'AM107-2', '\"B110\"', 'Humidite', 54.5),
(283, '2023-06-07', '08:39:06', 'AM107-2', '\"B110\"', 'CO2', 504),
(284, '2023-06-07', '08:39:06', 'AM107-2', '\"B110\"', 'Luminosite', 5),
(285, '2023-06-07', '08:39:34', 'AM107-27', '\"E004\"', 'Temperature', 23.5),
(286, '2023-06-07', '08:39:34', 'AM107-27', '\"E004\"', 'Humidite', 60.5),
(287, '2023-06-07', '08:39:34', 'AM107-27', '\"E004\"', 'CO2', 490),
(288, '2023-06-07', '08:39:34', 'AM107-27', '\"E004\"', 'Luminosite', 61),
(289, '2023-06-07', '08:43:34', 'AM107-40', '\"E206\"', 'Temperature', 25.7),
(290, '2023-06-07', '08:43:34', 'AM107-40', '\"E206\"', 'Humidite', 51.5),
(291, '2023-06-07', '08:43:34', 'AM107-40', '\"E206\"', 'CO2', 504),
(292, '2023-06-07', '08:43:34', 'AM107-40', '\"E206\"', 'Luminosite', 0),
(293, '2023-06-07', '08:47:37', 'AM107-3', '\"B111\"', 'Temperature', 24.6),
(294, '2023-06-07', '08:47:37', 'AM107-3', '\"B111\"', 'Humidite', 56),
(295, '2023-06-07', '08:47:37', 'AM107-3', '\"B111\"', 'CO2', 503),
(296, '2023-06-07', '08:47:37', 'AM107-3', '\"B111\"', 'Luminosite', 4),
(297, '2023-06-07', '08:49:07', 'AM107-2', '\"B110\"', 'Temperature', 24.9),
(298, '2023-06-07', '08:49:07', 'AM107-2', '\"B110\"', 'Humidite', 54.5),
(299, '2023-06-07', '08:49:07', 'AM107-2', '\"B110\"', 'CO2', 509),
(300, '2023-06-07', '08:49:07', 'AM107-2', '\"B110\"', 'Luminosite', 3),
(301, '2023-06-07', '08:49:34', 'AM107-27', '\"E004\"', 'Temperature', 23.5),
(302, '2023-06-07', '08:49:34', 'AM107-27', '\"E004\"', 'Humidite', 60.5),
(303, '2023-06-07', '08:49:34', 'AM107-27', '\"E004\"', 'CO2', 491),
(304, '2023-06-07', '08:49:34', 'AM107-27', '\"E004\"', 'Luminosite', 66),
(305, '2023-06-07', '08:53:34', 'AM107-40', '\"E206\"', 'Temperature', 25.7),
(306, '2023-06-07', '08:53:34', 'AM107-40', '\"E206\"', 'Humidite', 52),
(307, '2023-06-07', '08:53:34', 'AM107-40', '\"E206\"', 'CO2', 505),
(308, '2023-06-07', '08:53:34', 'AM107-40', '\"E206\"', 'Luminosite', 0),
(309, '2023-06-07', '08:53:34', 'AM107-31', '\"E101\"', 'Temperature', 25),
(310, '2023-06-07', '08:53:34', 'AM107-31', '\"E101\"', 'Humidite', 55),
(311, '2023-06-07', '08:53:34', 'AM107-31', '\"E101\"', 'CO2', 552),
(312, '2023-06-07', '08:53:34', 'AM107-31', '\"E101\"', 'Luminosite', 13),
(313, '2023-06-07', '08:57:37', 'AM107-3', '\"B111\"', 'Temperature', 24.6),
(314, '2023-06-07', '08:57:37', 'AM107-3', '\"B111\"', 'Humidite', 56),
(315, '2023-06-07', '08:57:37', 'AM107-3', '\"B111\"', 'CO2', 521),
(316, '2023-06-07', '08:57:37', 'AM107-3', '\"B111\"', 'Luminosite', 4),
(317, '2023-06-07', '08:59:07', 'AM107-2', '\"B110\"', 'Temperature', 24.9),
(318, '2023-06-07', '08:59:07', 'AM107-2', '\"B110\"', 'Humidite', 54.5),
(319, '2023-06-07', '08:59:07', 'AM107-2', '\"B110\"', 'CO2', 517),
(320, '2023-06-07', '08:59:07', 'AM107-2', '\"B110\"', 'Luminosite', 5),
(321, '2023-06-07', '08:59:34', 'AM107-27', '\"E004\"', 'Temperature', 23.5),
(322, '2023-06-07', '08:59:34', 'AM107-27', '\"E004\"', 'Humidite', 61),
(323, '2023-06-07', '08:59:34', 'AM107-27', '\"E004\"', 'CO2', 480),
(324, '2023-06-07', '08:59:34', 'AM107-27', '\"E004\"', 'Luminosite', 66),
(325, '2023-06-07', '09:03:34', 'AM107-31', '\"E101\"', 'Temperature', 25),
(326, '2023-06-07', '09:03:34', 'AM107-31', '\"E101\"', 'Humidite', 55),
(327, '2023-06-07', '09:03:34', 'AM107-31', '\"E101\"', 'CO2', 560),
(328, '2023-06-07', '09:03:34', 'AM107-31', '\"E101\"', 'Luminosite', 14),
(329, '2023-06-07', '09:03:35', 'AM107-40', '\"E206\"', 'Temperature', 25.7),
(330, '2023-06-07', '09:03:35', 'AM107-40', '\"E206\"', 'Humidite', 52),
(331, '2023-06-07', '09:03:35', 'AM107-40', '\"E206\"', 'CO2', 512),
(332, '2023-06-07', '09:03:35', 'AM107-40', '\"E206\"', 'Luminosite', 2),
(333, '2023-06-07', '09:07:36', 'AM107-3', '\"B111\"', 'Temperature', 24.6),
(334, '2023-06-07', '09:07:36', 'AM107-3', '\"B111\"', 'Humidite', 56),
(335, '2023-06-07', '09:07:36', 'AM107-3', '\"B111\"', 'CO2', 520),
(336, '2023-06-07', '09:07:36', 'AM107-3', '\"B111\"', 'Luminosite', 3),
(337, '2023-06-07', '09:09:06', 'AM107-2', '\"B110\"', 'Temperature', 24.9),
(338, '2023-06-07', '09:09:06', 'AM107-2', '\"B110\"', 'Humidite', 55),
(339, '2023-06-07', '09:09:06', 'AM107-2', '\"B110\"', 'CO2', 536),
(340, '2023-06-07', '09:09:06', 'AM107-2', '\"B110\"', 'Luminosite', 5),
(341, '2023-06-07', '09:09:34', 'AM107-27', '\"E004\"', 'Temperature', 23.5),
(342, '2023-06-07', '09:09:34', 'AM107-27', '\"E004\"', 'Humidite', 61),
(343, '2023-06-07', '09:09:34', 'AM107-27', '\"E004\"', 'CO2', 478),
(344, '2023-06-07', '09:09:34', 'AM107-27', '\"E004\"', 'Luminosite', 69),
(345, '2023-06-07', '09:13:34', 'AM107-40', '\"E206\"', 'Temperature', 25.7),
(346, '2023-06-07', '09:13:34', 'AM107-40', '\"E206\"', 'Humidite', 52.5),
(347, '2023-06-07', '09:13:34', 'AM107-40', '\"E206\"', 'CO2', 511),
(348, '2023-06-07', '09:13:34', 'AM107-40', '\"E206\"', 'Luminosite', 2),
(349, '2023-06-07', '09:13:35', 'AM107-31', '\"E101\"', 'Temperature', 25),
(350, '2023-06-07', '09:13:35', 'AM107-31', '\"E101\"', 'Humidite', 55),
(351, '2023-06-07', '09:13:35', 'AM107-31', '\"E101\"', 'CO2', 557),
(352, '2023-06-07', '09:13:35', 'AM107-31', '\"E101\"', 'Luminosite', 16),
(353, '2023-06-07', '09:17:37', 'AM107-3', '\"B111\"', 'Temperature', 24.6),
(354, '2023-06-07', '09:17:37', 'AM107-3', '\"B111\"', 'Humidite', 56.5),
(355, '2023-06-07', '09:17:37', 'AM107-3', '\"B111\"', 'CO2', 534),
(356, '2023-06-07', '09:17:37', 'AM107-3', '\"B111\"', 'Luminosite', 3),
(357, '2023-06-07', '09:19:06', 'AM107-2', '\"B110\"', 'Temperature', 24.9),
(358, '2023-06-07', '09:19:06', 'AM107-2', '\"B110\"', 'Humidite', 55),
(359, '2023-06-07', '09:19:06', 'AM107-2', '\"B110\"', 'CO2', 543),
(360, '2023-06-07', '09:19:06', 'AM107-2', '\"B110\"', 'Luminosite', 5),
(361, '2023-06-07', '09:19:34', 'AM107-27', '\"E004\"', 'Temperature', 23.5),
(362, '2023-06-07', '09:19:34', 'AM107-27', '\"E004\"', 'Humidite', 61.5),
(363, '2023-06-07', '09:19:34', 'AM107-27', '\"E004\"', 'CO2', 467),
(364, '2023-06-07', '09:19:34', 'AM107-27', '\"E004\"', 'Luminosite', 76),
(365, '2023-06-07', '09:23:34', 'AM107-40', '\"E206\"', 'Temperature', 25.7),
(366, '2023-06-07', '09:23:34', 'AM107-40', '\"E206\"', 'Humidite', 53),
(367, '2023-06-07', '09:23:34', 'AM107-40', '\"E206\"', 'CO2', 509),
(368, '2023-06-07', '09:23:34', 'AM107-40', '\"E206\"', 'Luminosite', 2),
(369, '2023-06-07', '09:23:35', 'AM107-31', '\"E101\"', 'Temperature', 25),
(370, '2023-06-07', '09:23:35', 'AM107-31', '\"E101\"', 'Humidite', 55),
(371, '2023-06-07', '09:23:35', 'AM107-31', '\"E101\"', 'CO2', 565),
(372, '2023-06-07', '09:23:35', 'AM107-31', '\"E101\"', 'Luminosite', 16),
(373, '2023-06-07', '09:27:36', 'AM107-3', '\"B111\"', 'Temperature', 24.6),
(374, '2023-06-07', '09:27:36', 'AM107-3', '\"B111\"', 'Humidite', 56.5),
(375, '2023-06-07', '09:27:36', 'AM107-3', '\"B111\"', 'CO2', 537),
(376, '2023-06-07', '09:27:36', 'AM107-3', '\"B111\"', 'Luminosite', 5),
(377, '2023-06-07', '09:29:07', 'AM107-2', '\"B110\"', 'Temperature', 24.9),
(378, '2023-06-07', '09:29:07', 'AM107-2', '\"B110\"', 'Humidite', 55),
(379, '2023-06-07', '09:29:07', 'AM107-2', '\"B110\"', 'CO2', 541),
(380, '2023-06-07', '09:29:07', 'AM107-2', '\"B110\"', 'Luminosite', 7),
(381, '2023-06-07', '09:29:33', 'AM107-27', '\"E004\"', 'Temperature', 23.6),
(382, '2023-06-07', '09:29:33', 'AM107-27', '\"E004\"', 'Humidite', 62),
(383, '2023-06-07', '09:29:33', 'AM107-27', '\"E004\"', 'CO2', 461),
(384, '2023-06-07', '09:29:33', 'AM107-27', '\"E004\"', 'Luminosite', 79),
(385, '2023-06-07', '09:33:34', 'AM107-40', '\"E206\"', 'Temperature', 25.7),
(386, '2023-06-07', '09:33:34', 'AM107-40', '\"E206\"', 'Humidite', 53),
(387, '2023-06-07', '09:33:34', 'AM107-40', '\"E206\"', 'CO2', 507),
(388, '2023-06-07', '09:33:34', 'AM107-40', '\"E206\"', 'Luminosite', 2),
(389, '2023-06-07', '09:37:36', 'AM107-3', '\"B111\"', 'Temperature', 24.6),
(390, '2023-06-07', '09:37:36', 'AM107-3', '\"B111\"', 'Humidite', 57),
(391, '2023-06-07', '09:37:36', 'AM107-3', '\"B111\"', 'CO2', 566),
(392, '2023-06-07', '09:37:36', 'AM107-3', '\"B111\"', 'Luminosite', 9),
(393, '2023-06-07', '09:39:07', 'AM107-2', '\"B110\"', 'Temperature', 24.9),
(394, '2023-06-07', '09:39:07', 'AM107-2', '\"B110\"', 'Humidite', 55.5),
(395, '2023-06-07', '09:39:07', 'AM107-2', '\"B110\"', 'CO2', 549),
(396, '2023-06-07', '09:39:07', 'AM107-2', '\"B110\"', 'Luminosite', 6),
(397, '2023-06-07', '09:39:34', 'AM107-27', '\"E004\"', 'Temperature', 23.6),
(398, '2023-06-07', '09:39:34', 'AM107-27', '\"E004\"', 'Humidite', 62),
(399, '2023-06-07', '09:39:34', 'AM107-27', '\"E004\"', 'CO2', 459),
(400, '2023-06-07', '09:39:34', 'AM107-27', '\"E004\"', 'Luminosite', 82),
(401, '2023-06-07', '09:43:34', 'AM107-31', '\"E101\"', 'Temperature', 25.1),
(402, '2023-06-07', '09:43:34', 'AM107-31', '\"E101\"', 'Humidite', 55.5),
(403, '2023-06-07', '09:43:34', 'AM107-31', '\"E101\"', 'CO2', 563),
(404, '2023-06-07', '09:43:34', 'AM107-31', '\"E101\"', 'Luminosite', 16),
(405, '2023-06-07', '09:43:35', 'AM107-40', '\"E206\"', 'Temperature', 25.7),
(406, '2023-06-07', '09:43:35', 'AM107-40', '\"E206\"', 'Humidite', 53.5),
(407, '2023-06-07', '09:43:35', 'AM107-40', '\"E206\"', 'CO2', 507),
(408, '2023-06-07', '09:43:35', 'AM107-40', '\"E206\"', 'Luminosite', 2),
(409, '2023-06-07', '09:47:36', 'AM107-3', '\"B111\"', 'Temperature', 24.8),
(410, '2023-06-07', '09:47:36', 'AM107-3', '\"B111\"', 'Humidite', 58.5),
(411, '2023-06-07', '09:47:36', 'AM107-3', '\"B111\"', 'CO2', 763),
(412, '2023-06-07', '09:47:36', 'AM107-3', '\"B111\"', 'Luminosite', 66),
(413, '2023-06-07', '09:49:08', 'AM107-2', '\"B110\"', 'Temperature', 25),
(414, '2023-06-07', '09:49:08', 'AM107-2', '\"B110\"', 'Humidite', 57),
(415, '2023-06-07', '09:49:08', 'AM107-2', '\"B110\"', 'CO2', 574),
(416, '2023-06-07', '09:49:08', 'AM107-2', '\"B110\"', 'Luminosite', 63),
(417, '2023-06-07', '09:49:10', 'AM107-23', '\"C004\"', 'Temperature', 23.6),
(418, '2023-06-07', '09:49:10', 'AM107-23', '\"C004\"', 'Humidite', 62),
(419, '2023-06-07', '09:49:10', 'AM107-23', '\"C004\"', 'CO2', 555),
(420, '2023-06-07', '09:49:10', 'AM107-23', '\"C004\"', 'Luminosite', 86),
(421, '2023-06-07', '09:49:34', 'AM107-27', '\"E004\"', 'Temperature', 23.6),
(422, '2023-06-07', '09:49:34', 'AM107-27', '\"E004\"', 'Humidite', 62.5),
(423, '2023-06-07', '09:49:34', 'AM107-27', '\"E004\"', 'CO2', 457),
(424, '2023-06-07', '09:49:34', 'AM107-27', '\"E004\"', 'Luminosite', 84),
(425, '2023-06-07', '09:52:25', 'AM107-10', '\"B101\"', 'Temperature', 23.3),
(426, '2023-06-07', '09:52:25', 'AM107-10', '\"B101\"', 'Humidite', 66),
(427, '2023-06-07', '09:52:25', 'AM107-10', '\"B101\"', 'CO2', 584),
(428, '2023-06-07', '09:52:25', 'AM107-10', '\"B101\"', 'Luminosite', 29),
(429, '2023-06-07', '09:53:34', 'AM107-40', '\"E206\"', 'Temperature', 25.7),
(430, '2023-06-07', '09:53:34', 'AM107-40', '\"E206\"', 'Humidite', 54),
(431, '2023-06-07', '09:53:34', 'AM107-40', '\"E206\"', 'CO2', 500),
(432, '2023-06-07', '09:53:34', 'AM107-40', '\"E206\"', 'Luminosite', 2),
(433, '2023-06-07', '09:57:36', 'AM107-3', '\"B111\"', 'Temperature', 25),
(434, '2023-06-07', '09:57:36', 'AM107-3', '\"B111\"', 'Humidite', 59.5),
(435, '2023-06-07', '09:57:36', 'AM107-3', '\"B111\"', 'CO2', 935),
(436, '2023-06-07', '09:57:36', 'AM107-3', '\"B111\"', 'Luminosite', 64),
(437, '2023-06-07', '09:59:08', 'AM107-2', '\"B110\"', 'Temperature', 25),
(438, '2023-06-07', '09:59:08', 'AM107-2', '\"B110\"', 'Humidite', 58.5),
(439, '2023-06-07', '09:59:08', 'AM107-2', '\"B110\"', 'CO2', 585),
(440, '2023-06-07', '09:59:08', 'AM107-2', '\"B110\"', 'Luminosite', 67),
(441, '2023-06-07', '09:59:10', 'AM107-23', '\"C004\"', 'Temperature', 23.7),
(442, '2023-06-07', '09:59:10', 'AM107-23', '\"C004\"', 'Humidite', 63.5),
(443, '2023-06-07', '09:59:10', 'AM107-23', '\"C004\"', 'CO2', 604),
(444, '2023-06-07', '09:59:10', 'AM107-23', '\"C004\"', 'Luminosite', 73),
(445, '2023-06-07', '09:59:34', 'AM107-27', '\"E004\"', 'Temperature', 23.6),
(446, '2023-06-07', '09:59:34', 'AM107-27', '\"E004\"', 'Humidite', 62.5),
(447, '2023-06-07', '09:59:34', 'AM107-27', '\"E004\"', 'CO2', 459),
(448, '2023-06-07', '09:59:34', 'AM107-27', '\"E004\"', 'Luminosite', 84),
(449, '2023-06-07', '10:02:25', 'AM107-10', '\"B101\"', 'Temperature', 23.3),
(450, '2023-06-07', '10:02:25', 'AM107-10', '\"B101\"', 'Humidite', 67),
(451, '2023-06-07', '10:02:25', 'AM107-10', '\"B101\"', 'CO2', 538),
(452, '2023-06-07', '10:02:25', 'AM107-10', '\"B101\"', 'Luminosite', 23),
(453, '2023-06-07', '10:03:34', 'AM107-40', '\"E206\"', 'Temperature', 25.8),
(454, '2023-06-07', '10:03:34', 'AM107-40', '\"E206\"', 'Humidite', 54),
(455, '2023-06-07', '10:03:34', 'AM107-40', '\"E206\"', 'CO2', 498),
(456, '2023-06-07', '10:03:34', 'AM107-40', '\"E206\"', 'Luminosite', 2),
(457, '2023-06-07', '10:07:37', 'AM107-3', '\"B111\"', 'Temperature', 25.3),
(458, '2023-06-07', '10:07:37', 'AM107-3', '\"B111\"', 'Humidite', 60.5),
(459, '2023-06-07', '10:07:37', 'AM107-3', '\"B111\"', 'CO2', 987),
(460, '2023-06-07', '10:07:37', 'AM107-3', '\"B111\"', 'Luminosite', 68),
(461, '2023-06-07', '10:09:08', 'AM107-2', '\"B110\"', 'Temperature', 25.1),
(462, '2023-06-07', '10:09:08', 'AM107-2', '\"B110\"', 'Humidite', 59),
(463, '2023-06-07', '10:09:08', 'AM107-2', '\"B110\"', 'CO2', 582),
(464, '2023-06-07', '10:09:08', 'AM107-2', '\"B110\"', 'Luminosite', 64),
(465, '2023-06-07', '10:09:10', 'AM107-23', '\"C004\"', 'Temperature', 23.8),
(466, '2023-06-07', '10:09:10', 'AM107-23', '\"C004\"', 'Humidite', 63.5),
(467, '2023-06-07', '10:09:10', 'AM107-23', '\"C004\"', 'CO2', 579),
(468, '2023-06-07', '10:09:10', 'AM107-23', '\"C004\"', 'Luminosite', 72),
(469, '2023-06-07', '10:09:34', 'AM107-27', '\"E004\"', 'Temperature', 23.7),
(470, '2023-06-07', '10:09:34', 'AM107-27', '\"E004\"', 'Humidite', 63),
(471, '2023-06-07', '10:09:34', 'AM107-27', '\"E004\"', 'CO2', 451),
(472, '2023-06-07', '10:09:34', 'AM107-27', '\"E004\"', 'Luminosite', 77);

--
-- Index pour les tables déchargées
--

--
-- Index pour la table `batiment`
--
ALTER TABLE `batiment`
  ADD PRIMARY KEY (`ID-bat`);

--
-- Index pour la table `capteurs`
--
ALTER TABLE `capteurs`
  ADD PRIMARY KEY (`ID-cap`),
  ADD KEY `ID-bat` (`ID-bat`);

--
-- Index pour la table `mesures`
--
ALTER TABLE `mesures`
  ADD PRIMARY KEY (`ID-mes`),
  ADD KEY `ID-cap` (`ID-cap`);

--
-- AUTO_INCREMENT pour les tables déchargées
--

--
-- AUTO_INCREMENT pour la table `mesures`
--
ALTER TABLE `mesures`
  MODIFY `ID-mes` int(10) NOT NULL AUTO_INCREMENT, AUTO_INCREMENT=473;

--
-- Contraintes pour les tables déchargées
--

--
-- Contraintes pour la table `capteurs`
--
ALTER TABLE `capteurs`
  ADD CONSTRAINT `capteurs_ibfk_1` FOREIGN KEY (`ID-bat`) REFERENCES `batiment` (`ID-bat`) ON DELETE CASCADE ON UPDATE CASCADE;

--
-- Contraintes pour la table `mesures`
--
ALTER TABLE `mesures`
  ADD CONSTRAINT `mesures_ibfk_1` FOREIGN KEY (`ID-cap`) REFERENCES `capteurs` (`ID-cap`) ON DELETE CASCADE ON UPDATE CASCADE;
COMMIT;

/*!40101 SET CHARACTER_SET_CLIENT=@OLD_CHARACTER_SET_CLIENT */;
/*!40101 SET CHARACTER_SET_RESULTS=@OLD_CHARACTER_SET_RESULTS */;
/*!40101 SET COLLATION_CONNECTION=@OLD_COLLATION_CONNECTION */;
